PurchaseLineID,PurchaseOrderID,PurchaseDateKey,SupplierID,ProductID,QuantityPurchased,ReceivedQuantity,UnitCostOriginalCurrency,CurrencyCode,ExchangeRateToGBPAtPurchase,UnitCostGBP,AllocatedFreightCost,ImportDutyAllocated,OtherLandedCostAllocated,PurchaseStatus
300001,PO-2024-0001,20240101,10,2046,60,60,77.11,CNY,0.106089,8.18,1.08,0.9,,Received
300002,PO-2024-0001,20240101,10,2010,240,240,121.5,CNY,0.106089,12.89,1.3,0.82,,Received
300003,PO-2024-0001,20240101,10,2070,240,240,103.22,CNY,0.106089,10.95,1.14,0.46,0.06,Received
300004,PO-2024-0001,20240101,10,2034,180,180,83.23,CNY,0.106089,8.83,0.8,0.75,,Received
300005,PO-2024-0001,20240101,10,2022,180,180,141.3,CNY,0.106089,14.99,1.29,0.78,,Received
300006,PO-2024-0002,20240109,9,2057,36,36,9.24,EUR,0.888691,8.21,1.09,0.05,,Received
300007,PO-2024-0003,20240113,3,2027,96,96,1740.6,JPY,0.005613,9.77,2.14,1.46,,Received
300008,PO-2024-0003,20240113,3,2015,72,72,1391.41,JPY,0.005613,7.81,1.98,0.55,,Received
300009,PO-2024-0003,20240113,3,2039,96,96,1808.3,JPY,0.005613,10.15,1.11,0.49,0.18,Received
300010,PO-2024-0003,20240113,3,2051,48,48,1501.87,JPY,0.005613,8.43,2.37,0.94,,Received
300011,PO-2024-0003,20240113,3,2003,72,72,1794.05,JPY,0.005613,10.07,2.29,0.62,,Received
300012,PO-2024-0004,20240128,8,2044,18,18,8.66,GBP,0.988507,8.56,0.28,0.0,0.06,Received
300013,PO-2024-0005,20240128,12,2048,24,24,9.45,GBP,0.961416,9.09,0.55,0.0,,Received
300014,PO-2024-0005,20240128,12,2024,12,12,15.5,GBP,0.961416,14.9,0.48,0.0,,Received
300015,PO-2024-0005,20240128,12,2060,18,18,8.72,GBP,0.961416,8.38,0.4,0.0,,Received
300016,PO-2024-0006,20240130,1,2037,12,12,8.39,GBP,0.990411,8.31,0.46,0.0,,Received
300017,PO-2024-0006,20240130,1,2049,24,24,8.41,GBP,0.990411,8.33,0.53,0.0,,Received
300018,PO-2024-0006,20240130,1,2001,12,12,9.76,GBP,0.990411,9.67,0.5,0.0,,Received
300019,PO-2024-0006,20240130,1,2025,24,24,8.94,GBP,0.990411,8.85,0.24,0.0,,Received
300020,PO-2024-0006,20240130,1,2061,12,12,13.17,GBP,0.990411,13.04,0.37,0.0,0.22,Received
300021,PO-2024-0007,20240206,12,2060,6,6,9.12,GBP,0.964457,8.8,0.33,0.0,,Received
300022,PO-2024-0007,20240206,12,2036,6,6,10.54,GBP,0.964457,10.17,0.47,0.0,,Received
300023,PO-2024-0007,20240206,12,2012,12,12,10.48,GBP,0.964457,10.11,0.43,0.0,,Received
300024,PO-2024-0007,20240206,12,2072,12,12,12.55,GBP,0.964457,12.1,0.59,0.0,,Received
300025,PO-2024-0008,20240222,7,2007,48,48,14789.92,KRW,0.000595,8.8,1.38,1.49,,Received
300026,PO-2024-0008,20240222,7,2043,48,48,15092.44,KRW,0.000595,8.98,1.93,0.58,,Received
300027,PO-2024-0008,20240222,7,2055,24,24,16722.69,KRW,0.000595,9.95,1.95,1.46,,Received
300028,PO-2024-0008,20240222,7,2019,72,72,25260.5,KRW,0.000595,15.03,1.72,1.44,,Received
300029,PO-2024-0009,20240227,4,2016,192,192,85.31,CNY,0.113586,9.69,1.57,1.38,,Received
300030,PO-2024-0009,20240227,4,2028,144,144,72.98,CNY,0.113586,8.29,1.85,1.02,,Received
300031,PO-2024-0009,20240227,4,2004,96,96,73.42,CNY,0.113586,8.34,1.45,1.32,0.22,Received
300032,PO-2024-0010,20240228,3,2027,96,96,1485.24,JPY,0.005319,7.9,2.52,1.39,,Received
300033,PO-2024-0011,20240302,3,2051,72,72,1660.22,JPY,0.005433,9.02,1.75,1.03,0.37,Received
300034,PO-2024-0012,20240304,10,2070,120,120,133.74,CNY,0.107597,14.39,0.88,0.51,,Received
300035,PO-2024-0012,20240304,10,2058,60,60,83.92,CNY,0.107597,9.03,0.91,0.72,,Received
300036,PO-2024-0012,20240304,10,2046,180,180,92.01,CNY,0.107597,9.9,1.23,0.64,,Received
300037,PO-2024-0013,20240308,3,2039,96,96,1801.62,JPY,0.005545,9.99,1.67,1.14,,Received
300038,PO-2024-0013,20240308,3,2015,48,48,1651.94,JPY,0.005545,9.16,2.37,0.77,,Received
300039,PO-2024-0013,20240308,3,2063,96,96,2959.42,JPY,0.005545,16.41,1.67,1.36,,Received
300040,PO-2024-0014,20240312,3,2003,48,48,1867.2,JPY,0.005452,10.18,1.29,0.56,,Received
300041,PO-2024-0014,20240312,3,2051,48,48,1841.53,JPY,0.005452,10.04,1.37,0.58,,Received
300042,PO-2024-0014,20240312,3,2027,48,48,1579.24,JPY,0.005452,8.61,2.19,1.33,0.06,Received
300043,PO-2024-0014,20240312,3,2063,72,72,2701.76,JPY,0.005452,14.73,1.08,1.49,,Received
300044,PO-2024-0015,20240319,4,2028,144,144,74.65,CNY,0.106229,7.93,1.94,0.78,,Received
300045,PO-2024-0015,20240319,4,2016,96,96,95.74,CNY,0.106229,10.17,2.45,1.22,,Received
300046,PO-2024-0015,20240319,4,2064,144,144,121.62,CNY,0.106229,12.92,2.54,1.07,,Received
300047,PO-2024-0015,20240319,4,2040,48,48,81.9,CNY,0.106229,8.7,1.06,1.01,,Received
300048,PO-2024-0016,20240330,12,2012,24,22,11.7,GBP,0.99801,11.68,0.5,0.0,0.18,Partially Received
300049,PO-2024-0016,20240330,12,2072,6,5,13.21,GBP,0.99801,13.18,0.22,0.0,,Partially Received
300050,PO-2024-0016,20240330,12,2036,12,11,7.89,GBP,0.99801,7.87,0.47,0.0,,Partially Received
300051,PO-2024-0016,20240330,12,2048,18,16,9.81,GBP,0.99801,9.79,0.36,0.0,,Partially Received
300052,PO-2024-0016,20240330,12,2060,12,11,8.33,GBP,0.99801,8.31,0.52,0.0,0.24,Partially Received
300053,PO-2024-0017,20240407,9,2033,24,24,12.06,EUR,0.835625,10.08,0.91,0.24,,Received
300054,PO-2024-0017,20240407,9,2009,48,48,12.76,EUR,0.835625,10.66,0.98,0.22,0.22,Received
300055,PO-2024-0017,20240407,9,2069,48,48,15.26,EUR,0.835625,12.75,0.55,0.24,,Received
300056,PO-2024-0017,20240407,9,2021,24,24,18.13,EUR,0.835625,15.15,0.47,0.15,,Received
300057,PO-2024-0017,20240407,9,2057,48,48,10.29,EUR,0.835625,8.6,0.86,0.18,,Received
300058,PO-2024-0018,20240415,2,2038,36,36,11.53,EUR,0.853692,9.84,0.8,0.15,,Received
300059,PO-2024-0019,20240416,2,2002,24,24,10.52,EUR,0.849735,8.94,1.09,0.15,0.32,Received
300060,PO-2024-0019,20240416,2,2062,12,12,19.96,EUR,0.849735,16.96,0.6,0.18,,Received
300061,PO-2024-0019,20240416,2,2038,24,24,11.02,EUR,0.849735,9.36,0.49,0.17,0.18,Received
300062,PO-2024-0020,20240417,6,2030,24,24,11.0,EUR,0.835734,9.19,1.07,0.29,,Received
300063,PO-2024-0020,20240417,6,2018,48,48,19.89,EUR,0.835734,16.62,0.87,0.22,0.23,Received
300064,PO-2024-0021,20240421,5,2053,18,18,9.37,GBP,1.024708,9.6,0.3,0.0,,Received
300065,PO-2024-0021,20240421,5,2029,24,24,9.13,GBP,1.024708,9.36,0.28,0.0,0.32,Received
300066,PO-2024-0021,20240421,5,2065,24,24,14.08,GBP,1.024708,14.43,0.49,0.0,,Received
300067,PO-2024-0022,20240427,8,2068,12,12,10.8,GBP,0.990438,10.7,0.26,0.0,,Received
300068,PO-2024-0023,20240502,12,2060,18,18,8.62,GBP,1.027127,8.85,0.54,0.0,,Received
300069,PO-2024-0024,20240505,3,2027,72,69,1825.37,JPY,0.00544,9.93,1.53,0.84,,Partially Received
300070,PO-2024-0024,20240505,3,2039,72,68,1806.99,JPY,0.00544,9.83,1.91,0.98,,Partially Received
300071,PO-2024-0024,20240505,3,2051,72,69,1748.16,JPY,0.00544,9.51,1.96,1.05,,Partially Received
300072,PO-2024-0024,20240505,3,2015,72,66,1702.21,JPY,0.00544,9.26,2.06,1.31,,Partially Received
300073,PO-2024-0024,20240505,3,2063,72,67,2542.28,JPY,0.00544,13.83,1.7,0.71,,Partially Received
300074,PO-2024-0025,20240516,7,2043,96,96,14415.36,KRW,0.000573,8.26,2.49,1.42,,Received
300075,PO-2024-0025,20240516,7,2067,72,72,25235.6,KRW,0.000573,14.46,1.1,1.36,,Received
300076,PO-2024-0025,20240516,7,2019,24,24,27591.62,KRW,0.000573,15.81,1.22,0.5,,Received
300077,PO-2024-0026,20240522,2,2026,24,24,11.57,EUR,0.839374,9.71,0.7,0.19,0.26,Received
300078,PO-2024-0026,20240522,2,2038,12,12,9.9,EUR,0.839374,8.31,0.95,0.26,0.35,Received
300079,PO-2024-0026,20240522,2,2014,48,48,15.9,EUR,0.839374,13.35,0.57,0.24,,Received
300080,PO-2024-0027,20240528,8,2068,12,12,12.32,GBP,0.981618,12.09,0.31,0.0,,Received
300081,PO-2024-0027,20240528,8,2044,18,18,8.68,GBP,0.981618,8.52,0.42,0.0,,Received
300082,PO-2024-0027,20240528,8,2008,12,12,13.67,GBP,0.981618,13.42,0.22,0.0,,Received
300083,PO-2024-0028,20240531,7,2007,24,24,16661.05,KRW,0.000593,9.88,1.09,0.96,,Received
300084,PO-2024-0029,20240602,8,2020,24,24,13.79,GBP,1.02179,14.09,0.3,0.0,,Received
300085,PO-2024-0029,20240602,8,2068,18,18,11.38,GBP,1.02179,11.63,0.5,0.0,,Received
300086,PO-2024-0030,20240605,12,2036,18,18,9.09,GBP,0.988514,8.99,0.21,0.0,,Received
300087,PO-2024-0030,20240605,12,2072,12,12,11.56,GBP,0.988514,11.43,0.45,0.0,,Received
300088,PO-2024-0030,20240605,12,2012,6,6,12.66,GBP,0.988514,12.51,0.49,0.0,,Received
300089,PO-2024-0031,20240610,12,2024,18,18,16.14,GBP,0.975178,15.74,0.37,0.0,,Received
300090,PO-2024-0031,20240610,12,2012,18,18,12.13,GBP,0.975178,11.83,0.32,0.0,,Received
300091,PO-2024-0032,20240611,8,2020,24,24,13.75,GBP,0.992655,13.65,0.44,0.0,,Received
300092,PO-2024-0032,20240611,8,2056,6,6,9.8,GBP,0.992655,9.73,0.49,0.0,,Received
300093,PO-2024-0033,20240613,6,2054,48,48,9.57,EUR,0.862432,8.25,0.78,0.28,,Received
300094,PO-2024-0033,20240613,6,2018,12,12,21.39,EUR,0.862432,18.45,0.85,0.18,,Received
300095,PO-2024-0033,20240613,6,2066,24,24,13.25,EUR,0.862432,11.43,0.55,0.23,,Received
300096,PO-2024-0034,20240619,8,2020,24,24,13.01,GBP,0.974037,12.67,0.2,0.0,,Received
300097,PO-2024-0034,20240619,8,2008,12,12,12.62,GBP,0.974037,12.29,0.56,0.0,,Received
300098,PO-2024-0034,20240619,8,2032,12,12,9.8,GBP,0.974037,9.55,0.42,0.0,,Received
300099,PO-2024-0035,20240626,8,2056,6,6,8.74,GBP,0.98773,8.63,0.57,0.0,,Received
300100,PO-2024-0036,20240626,5,2029,18,18,9.52,GBP,0.966623,9.2,0.51,0.0,,Received
300101,PO-2024-0036,20240626,5,2065,12,12,14.72,GBP,0.966623,14.23,0.43,0.0,,Received
300102,PO-2024-0036,20240626,5,2005,6,6,14.27,GBP,0.966623,13.79,0.42,0.0,0.11,Received
300103,PO-2024-0036,20240626,5,2041,24,24,9.03,GBP,0.966623,8.73,0.47,0.0,,Received
300104,PO-2024-0036,20240626,5,2053,12,12,10.25,GBP,0.966623,9.91,0.48,0.0,,Received
300105,PO-2024-0037,20240707,2,2038,48,48,11.98,EUR,0.838692,10.05,0.67,0.26,,Received
300106,PO-2024-0037,20240707,2,2002,12,12,12.04,EUR,0.838692,10.1,1.0,0.27,,Received
300107,PO-2024-0037,20240707,2,2050,24,24,11.47,EUR,0.838692,9.62,0.47,0.21,0.31,Received
300108,PO-2024-0037,20240707,2,2014,12,12,15.57,EUR,0.838692,13.06,0.75,0.13,,Received
300109,PO-2024-0037,20240707,2,2062,48,48,17.15,EUR,0.838692,14.38,1.07,0.25,,Received
300110,PO-2024-0038,20240712,8,2008,12,12,16.44,GBP,0.983156,16.16,0.2,0.0,,Received
300111,PO-2024-0039,20240712,12,2024,24,24,14.57,GBP,0.967488,14.1,0.38,0.0,0.32,Received
300112,PO-2024-0040,20240713,8,2032,6,6,7.69,GBP,1.014227,7.8,0.24,0.0,,Received
300113,PO-2024-0041,20240714,5,2017,24,24,16.87,GBP,1.023261,17.26,0.59,0.0,,Received
300114,PO-2024-0041,20240714,5,2053,18,18,9.51,GBP,1.023261,9.73,0.47,0.0,,Received
300115,PO-2024-0041,20240714,5,2029,12,12,9.3,GBP,1.023261,9.52,0.41,0.0,,Received
300116,PO-2024-0041,20240714,5,2065,24,24,10.41,GBP,1.023261,10.65,0.47,0.0,,Received
300117,PO-2024-0041,20240714,5,2005,24,24,13.3,GBP,1.023261,13.61,0.48,0.0,,Received
300118,PO-2024-0042,20240719,12,2036,12,12,8.2,GBP,1.031595,8.46,0.22,0.0,,Received
300119,PO-2024-0042,20240719,12,2060,18,18,8.62,GBP,1.031595,8.89,0.39,0.0,,Received
300120,PO-2024-0042,20240719,12,2012,24,24,11.13,GBP,1.031595,11.48,0.52,0.0,0.28,Received
300121,PO-2024-0043,20240724,2,2002,12,12,10.72,EUR,0.879472,9.43,0.83,0.06,,Received
300122,PO-2024-0043,20240724,2,2026,48,48,11.0,EUR,0.879472,9.67,0.56,0.28,,Received
300123,PO-2024-0044,20240724,8,2056,18,18,8.58,GBP,1.012293,8.69,0.24,0.0,0.27,Received
300124,PO-2024-0044,20240724,8,2020,6,6,15.44,GBP,1.012293,15.63,0.21,0.0,,Received
300125,PO-2024-0045,20240727,3,2015,24,24,1411.94,JPY,0.005496,7.76,1.61,1.27,,Received
300126,PO-2024-0046,20240727,12,2036,12,12,9.87,GBP,0.986686,9.74,0.27,0.0,,Received
300127,PO-2024-0046,20240727,12,2048,12,12,8.04,GBP,0.986686,7.93,0.4,0.0,,Received
300128,PO-2024-0046,20240727,12,2060,12,12,9.9,GBP,0.986686,9.77,0.21,0.0,,Received
300129,PO-2024-0046,20240727,12,2024,24,24,17.21,GBP,0.986686,16.98,0.29,0.0,,Received
300130,PO-2024-0046,20240727,12,2012,24,24,13.05,GBP,0.986686,12.88,0.23,0.0,0.24,Received
300131,PO-2024-0047,20240807,3,2063,96,96,2537.84,JPY,0.005351,13.58,1.67,1.44,,Received
300132,PO-2024-0047,20240807,3,2015,96,96,1909.92,JPY,0.005351,10.22,1.05,0.86,,Received
300133,PO-2024-0047,20240807,3,2003,72,72,1865.07,JPY,0.005351,9.98,2.48,0.52,,Received
300134,PO-2024-0047,20240807,3,2051,72,72,1823.96,JPY,0.005351,9.76,1.48,1.16,,Received
300135,PO-2024-0048,20240809,6,2030,36,36,10.84,EUR,0.841342,9.12,0.75,0.17,,Received
300136,PO-2024-0048,20240809,6,2066,12,12,14.1,EUR,0.841342,11.86,0.53,0.21,,Received
300137,PO-2024-0048,20240809,6,2018,36,36,21.7,EUR,0.841342,18.26,0.62,0.17,,Received
300138,PO-2024-0048,20240809,6,2042,48,48,11.79,EUR,0.841342,9.92,0.9,0.22,,Received
300139,PO-2024-0048,20240809,6,2006,48,48,11.58,EUR,0.841342,9.74,0.82,0.28,,Received
300140,PO-2024-0049,20240814,11,2047,36,36,12.36,USD,0.773419,9.56,2.14,0.85,,Received
300141,PO-2024-0049,20240814,11,2011,36,36,12.75,USD,0.773419,9.86,2.28,1.15,0.24,Received
300142,PO-2024-0049,20240814,11,2023,72,72,19.63,USD,0.773419,15.18,1.78,1.11,,Received
300143,PO-2024-0049,20240814,11,2059,36,36,10.84,USD,0.773419,8.38,1.76,1.47,0.36,Received
300144,PO-2024-0050,20240818,9,2045,24,24,9.69,EUR,0.874709,8.48,0.86,0.18,,Received
300145,PO-2024-0050,20240818,9,2009,12,12,10.85,EUR,0.874709,9.49,1.01,0.1,,Received
300146,PO-2024-0050,20240818,9,2021,36,36,17.07,EUR,0.874709,14.93,0.51,0.19,,Received
300147,PO-2024-0050,20240818,9,2057,12,12,11.12,EUR,0.874709,9.73,0.6,0.14,,Received
300148,PO-2024-0050,20240818,9,2069,24,24,16.57,EUR,0.874709,14.49,0.69,0.16,0.28,Received
300149,PO-2024-0051,20240823,3,2051,96,96,1700.18,JPY,0.00557,9.47,1.53,0.85,,Received
300150,PO-2024-0051,20240823,3,2015,72,72,1664.27,JPY,0.00557,9.27,2.48,0.95,,Received
300151,PO-2024-0051,20240823,3,2063,96,96,2425.49,JPY,0.00557,13.51,1.02,1.49,,Received
300152,PO-2024-0051,20240823,3,2039,48,48,1684.02,JPY,0.00557,9.38,1.99,0.86,,Received
300153,PO-2024-0051,20240823,3,2027,96,96,1657.09,JPY,0.00557,9.23,1.44,1.08,,Received
300154,PO-2024-0052,20240827,7,2007,96,96,18946.43,KRW,0.00056,10.61,2.35,0.46,,Received
300155,PO-2024-0053,20240827,3,2063,96,96,2769.46,JPY,0.005474,15.16,1.95,1.08,,Received
300156,PO-2024-0053,20240827,3,2039,48,48,1857.87,JPY,0.005474,10.17,2.24,0.97,,Received
300157,PO-2024-0053,20240827,3,2015,96,96,1596.64,JPY,0.005474,8.74,2.04,0.59,0.37,Received
300158,PO-2024-0053,20240827,3,2027,96,96,1582.02,JPY,0.005474,8.66,2.4,0.83,,Received
300159,PO-2024-0053,20240827,3,2003,72,72,1868.83,JPY,0.005474,10.23,2.48,0.6,,Received
300160,PO-2024-0054,20240904,2,2026,48,48,10.31,EUR,0.868265,8.95,0.74,0.13,,Received
300161,PO-2024-0054,20240904,2,2050,36,36,11.21,EUR,0.868265,9.73,0.7,0.16,0.14,Received
300162,PO-2024-0054,20240904,2,2062,12,12,16.72,EUR,0.868265,14.52,1.04,0.17,0.3,Received
300163,PO-2024-0055,20240912,9,2033,48,48,11.83,EUR,0.853191,10.09,0.93,0.14,,Received
300164,PO-2024-0056,20240914,7,2019,96,96,26590.51,KRW,0.000569,15.13,2.15,1.24,,Received
300165,PO-2024-0056,20240914,7,2055,48,48,16485.06,KRW,0.000569,9.38,1.84,0.97,0.33,Received
300166,PO-2024-0056,20240914,7,2067,48,48,21634.45,KRW,0.000569,12.31,2.6,0.74,,Received
300167,PO-2024-0057,20240918,3,2003,48,48,1931.35,JPY,0.005302,10.24,2.53,0.75,,Received
300168,PO-2024-0058,20240919,2,2002,12,12,9.45,EUR,0.837063,7.91,0.5,0.05,,Received
300169,PO-2024-0058,20240919,2,2050,24,24,10.31,EUR,0.837063,8.63,1.02,0.1,0.21,Received
300170,PO-2024-0058,20240919,2,2038,48,48,11.15,EUR,0.837063,9.33,0.78,0.13,,Received
300171,PO-2024-0058,20240919,2,2062,48,48,19.51,EUR,0.837063,16.33,0.72,0.11,,Received
300172,PO-2024-0058,20240919,2,2074,36,36,20.54,EUR,0.837063,17.19,0.71,0.15,0.22,Received
300173,PO-2024-0059,20240930,11,2071,36,36,14.32,USD,0.798604,11.44,1.47,1.07,,Received
300174,PO-2024-0059,20240930,11,2023,18,18,16.03,USD,0.798604,12.8,1.0,0.62,,Received
300175,PO-2024-0060,20241001,4,2028,96,96,95.94,CNY,0.106004,10.17,1.5,0.79,,Received
300176,PO-2024-0060,20241001,4,2040,96,96,78.2,CNY,0.106004,8.29,2.38,0.51,,Received
300177,PO-2024-0061,20241003,5,2041,24,24,9.11,GBP,0.988027,9.0,0.53,0.0,0.09,Received
300178,PO-2024-0062,20241005,8,2020,6,6,16.91,GBP,1.026551,17.36,0.27,0.0,,Received
300179,PO-2024-0063,20241006,4,2016,96,96,72.68,CNY,0.107462,7.81,2.18,0.49,,Received
300180,PO-2024-0063,20241006,4,2064,144,144,142.19,CNY,0.107462,15.28,1.22,1.25,0.38,Received
300181,PO-2024-0063,20241006,4,2040,192,192,86.82,CNY,0.107462,9.33,2.56,0.9,,Received
300182,PO-2024-0063,20241006,4,2004,48,48,94.08,CNY,0.107462,10.11,1.8,0.58,0.23,Received
300183,PO-2024-0063,20241006,4,2052,96,96,95.1,CNY,0.107462,10.22,1.71,0.52,,Received
300184,PO-2024-0064,20241014,5,2017,6,6,16.3,GBP,1.028299,16.76,0.39,0.0,,Received
300185,PO-2024-0064,20241014,5,2005,24,24,13.53,GBP,1.028299,13.91,0.5,0.0,,Received
300186,PO-2024-0064,20241014,5,2041,18,18,9.41,GBP,1.028299,9.68,0.47,0.0,,Received
300187,PO-2024-0064,20241014,5,2029,12,12,7.61,GBP,1.028299,7.83,0.44,0.0,,Received
300188,PO-2024-0065,20241020,7,2019,72,72,29587.63,KRW,0.000582,17.22,1.36,1.1,,Received
300189,PO-2024-0066,20241022,4,2064,48,48,138.12,CNY,0.109328,15.1,1.1,1.4,,Received
300190,PO-2024-0066,20241022,4,2052,96,96,82.78,CNY,0.109328,9.05,1.13,1.27,0.31,Received
300191,PO-2024-0066,20241022,4,2040,192,192,74.45,CNY,0.109328,8.14,1.86,0.68,,Received
300192,PO-2024-0066,20241022,4,2016,48,48,76.56,CNY,0.109328,8.37,2.35,0.47,,Received
300193,PO-2024-0067,20241031,10,2070,60,60,124.05,CNY,0.113176,14.04,1.08,1.09,,Received
300194,PO-2024-0067,20241031,10,2034,240,240,83.06,CNY,0.113176,9.4,0.94,0.57,0.08,Received
300195,PO-2024-0068,20241103,8,2068,12,12,11.64,GBP,1.034456,12.04,0.31,0.0,0.25,Received
300196,PO-2024-0068,20241103,8,2032,6,6,7.83,GBP,1.034456,8.1,0.36,0.0,0.24,Received
300197,PO-2024-0068,20241103,8,2044,6,6,9.06,GBP,1.034456,9.37,0.3,0.0,,Received
300198,PO-2024-0068,20241103,8,2020,6,6,15.83,GBP,1.034456,16.38,0.56,0.0,,Received
300199,PO-2024-0068,20241103,8,2008,12,12,14.62,GBP,1.034456,15.12,0.58,0.0,,Received
300200,PO-2024-0069,20241106,7,2043,24,23,14717.31,KRW,0.000566,8.33,1.45,1.29,,Partially Received
300201,PO-2024-0069,20241106,7,2031,48,46,16925.8,KRW,0.000566,9.58,1.46,0.72,,Partially Received
300202,PO-2024-0069,20241106,7,2067,24,21,24770.32,KRW,0.000566,14.02,2.29,1.27,,Partially Received
300203,PO-2024-0069,20241106,7,2055,72,71,16113.07,KRW,0.000566,9.12,1.52,0.8,,Partially Received
300204,PO-2024-0069,20241106,7,2019,48,42,29169.61,KRW,0.000566,16.51,2.23,0.53,,Partially Received
300205,PO-2024-0070,20241110,11,2011,72,72,14.44,USD,0.795981,11.49,1.38,1.36,,Received
300206,PO-2024-0070,20241110,11,2023,54,54,18.28,USD,0.795981,14.55,1.5,1.2,0.41,Received
300207,PO-2024-0070,20241110,11,2047,72,72,12.09,USD,0.795981,9.62,1.22,1.45,,Received
300208,PO-2024-0071,20241115,7,2007,72,72,19214.05,KRW,0.000598,11.49,2.34,0.62,,Received
300209,PO-2024-0072,20241115,12,2024,12,12,16.45,GBP,0.984551,16.2,0.4,0.0,,Received
300210,PO-2024-0072,20241115,12,2072,24,24,14.29,GBP,0.984551,14.07,0.25,0.0,,Received
300211,PO-2024-0072,20241115,12,2060,12,12,8.35,GBP,0.984551,8.22,0.23,0.0,,Received
300212,PO-2024-0073,20241119,9,2021,24,24,17.5,EUR,0.884646,15.48,0.71,0.16,,Received
300213,PO-2024-0073,20241119,9,2009,12,12,12.78,EUR,0.884646,11.31,0.84,0.18,0.38,Received
300214,PO-2024-0073,20241119,9,2045,36,36,10.15,EUR,0.884646,8.98,0.72,0.27,,Received
300215,PO-2024-0073,20241119,9,2057,48,48,9.04,EUR,0.884646,8.0,0.53,0.25,,Received
300216,PO-2024-0074,20241123,12,2012,24,24,12.65,GBP,0.999993,12.65,0.36,0.0,,Received
300217,PO-2024-0074,20241123,12,2024,24,24,14.66,GBP,0.999993,14.66,0.52,0.0,0.32,Received
300218,PO-2024-0074,20241123,12,2048,12,12,8.82,GBP,0.999993,8.82,0.26,0.0,,Received
300219,PO-2024-0074,20241123,12,2072,12,12,12.35,GBP,0.999993,12.35,0.3,0.0,,Received
300220,PO-2024-0075,20241129,8,2032,6,6,8.1,GBP,0.999961,8.1,0.26,0.0,,Received
300221,PO-2024-0075,20241129,8,2020,12,12,16.58,GBP,0.999961,16.58,0.44,0.0,0.22,Received
300222,PO-2024-0075,20241129,8,2068,18,18,10.53,GBP,0.999961,10.53,0.51,0.0,,Received
300223,PO-2024-0075,20241129,8,2056,12,12,7.9,GBP,0.999961,7.9,0.42,0.0,,Received
300224,PO-2024-0075,20241129,8,2008,12,12,15.75,GBP,0.999961,15.75,0.34,0.0,0.3,Received
300225,PO-2024-0076,20241203,5,2005,24,24,10.35,GBP,1.03675,10.73,0.34,0.0,,Received
300226,PO-2024-0076,20241203,5,2065,24,24,13.38,GBP,1.03675,13.87,0.37,0.0,,Received
300227,PO-2024-0076,20241203,5,2017,6,6,14.93,GBP,1.03675,15.48,0.4,0.0,0.11,Received
300228,PO-2024-0076,20241203,5,2041,12,12,9.64,GBP,1.03675,9.99,0.5,0.0,,Received
300229,PO-2024-0076,20241203,5,2053,12,12,8.09,GBP,1.03675,8.39,0.57,0.0,,Received
300230,PO-2024-0077,20241217,11,2011,18,18,11.93,USD,0.813611,9.71,1.59,1.31,,Received
300231,PO-2024-0077,20241217,11,2071,36,36,15.87,USD,0.813611,12.91,1.16,0.81,,Received
300232,PO-2024-0077,20241217,11,2047,72,72,11.44,USD,0.813611,9.31,1.9,1.3,,Received
300233,PO-2024-0077,20241217,11,2035,72,72,10.93,USD,0.813611,8.89,1.14,1.37,,Received
300234,PO-2024-0078,20241220,3,2051,24,24,1697.26,JPY,0.005338,9.06,2.41,0.51,,Received
300235,PO-2024-0078,20241220,3,2063,72,72,3197.83,JPY,0.005338,17.07,1.54,0.68,,Received
300236,PO-2024-0079,20241221,11,2047,18,17,10.71,USD,0.765006,8.19,1.21,0.62,,Partially Received
300237,PO-2024-0079,20241221,11,2035,54,51,11.99,USD,0.765006,9.17,1.58,0.45,,Partially Received
300238,PO-2024-0079,20241221,11,2059,72,68,11.86,USD,0.765006,9.07,2.57,1.49,,Partially Received
300239,PO-2024-0079,20241221,11,2071,54,51,16.42,USD,0.765006,12.56,2.22,0.82,,Partially Received
300240,PO-2024-0080,20241228,12,2024,6,6,14.78,GBP,0.990656,14.64,0.37,0.0,0.25,Received
300241,PO-2025-0081,20250104,7,2031,72,72,17670.25,KRW,0.000558,9.86,1.31,1.33,,Received
300242,PO-2025-0081,20250104,7,2007,72,72,19856.63,KRW,0.000558,11.08,1.19,1.05,,Received
300243,PO-2025-0081,20250104,7,2043,96,96,14032.26,KRW,0.000558,7.83,2.5,0.83,,Received
300244,PO-2025-0081,20250104,7,2055,24,24,14838.71,KRW,0.000558,8.28,1.56,1.4,,Received
300245,PO-2025-0082,20250106,11,2011,72,72,11.3,USD,0.817151,9.23,2.39,0.43,,Received
300246,PO-2025-0082,20250106,11,2035,36,36,10.98,USD,0.817151,8.97,1.98,0.69,,Received
300247,PO-2025-0082,20250106,11,2023,36,36,15.74,USD,0.817151,12.86,2.13,1.08,,Received
300248,PO-2025-0082,20250106,11,2059,54,54,9.56,USD,0.817151,7.81,2.01,1.27,,Received
300249,PO-2025-0083,20250109,6,2066,12,12,12.76,EUR,0.866309,11.05,0.92,0.14,,Received
300250,PO-2025-0083,20250109,6,2006,36,36,9.86,EUR,0.866309,8.54,1.07,0.05,,Received
300251,PO-2025-0083,20250109,6,2042,48,48,10.99,EUR,0.866309,9.52,0.75,0.29,0.43,Received
300252,PO-2025-0084,20250112,4,2040,96,96,87.57,CNY,0.107005,9.37,2.1,0.96,,Received
300253,PO-2025-0085,20250113,4,2064,192,192,144.0,CNY,0.107986,15.55,2.32,1.36,,Received
300254,PO-2025-0085,20250113,4,2004,192,192,81.12,CNY,0.107986,8.76,2.09,1.04,,Received
300255,PO-2025-0085,20250113,4,2028,48,48,80.38,CNY,0.107986,8.68,1.14,0.95,,Received
300256,PO-2025-0086,20250118,9,2033,12,12,9.4,EUR,0.880025,8.27,1.02,0.28,0.17,Received
300257,PO-2025-0087,20250120,6,2066,12,12,16.43,EUR,0.843111,13.85,0.87,0.17,,Received
300258,PO-2025-0087,20250120,6,2006,48,48,12.51,EUR,0.843111,10.55,1.0,0.24,,Received
300259,PO-2025-0088,20250123,1,2049,18,18,8.44,GBP,1.035838,8.74,0.43,0.0,,Received
300260,PO-2025-0088,20250123,1,2061,18,18,13.22,GBP,1.035838,13.69,0.46,0.0,,Received
300261,PO-2025-0088,20250123,1,2013,12,12,9.46,GBP,1.035838,9.8,0.33,0.0,,Received
300262,PO-2025-0089,20250126,10,2046,60,60,86.61,CNY,0.106228,9.2,0.67,0.75,,Received
300263,PO-2025-0089,20250126,10,2070,240,240,128.12,CNY,0.106228,13.61,1.34,0.51,,Received
300264,PO-2025-0089,20250126,10,2010,60,60,97.81,CNY,0.106228,10.39,1.12,0.49,,Received
300265,PO-2025-0090,20250129,1,2001,24,24,8.4,GBP,1.009076,8.48,0.46,0.0,,Received
300266,PO-2025-0091,20250131,3,2003,48,48,1575.89,JPY,0.005343,8.42,1.43,1.22,,Received
300267,PO-2025-0092,20250201,8,2056,18,17,9.22,GBP,0.975301,8.99,0.54,0.0,,Partially Received
300268,PO-2025-0093,20250203,2,2014,48,48,17.08,EUR,0.865468,14.78,0.95,0.26,,Received
300269,PO-2025-0093,20250203,2,2050,48,48,10.45,EUR,0.865468,9.04,0.5,0.29,,Received
300270,PO-2025-0093,20250203,2,2002,12,12,9.08,EUR,0.865468,7.86,1.05,0.06,,Received
300271,PO-2025-0093,20250203,2,2062,48,48,15.23,EUR,0.865468,13.18,1.09,0.12,,Received
300272,PO-2025-0094,20250206,8,2008,18,18,12.71,GBP,1.03485,13.15,0.57,0.0,0.35,Received
300273,PO-2025-0095,20250208,2,2062,24,24,14.95,EUR,0.888849,13.29,0.58,0.08,,Received
300274,PO-2025-0095,20250208,2,2026,12,12,11.12,EUR,0.888849,9.88,0.57,0.06,,Received
300275,PO-2025-0095,20250208,2,2014,24,24,14.1,EUR,0.888849,12.53,0.91,0.11,,Received
300276,PO-2025-0095,20250208,2,2050,24,24,10.7,EUR,0.888849,9.51,0.78,0.18,,Received
300277,PO-2025-0096,20250210,5,2065,12,12,11.71,GBP,0.986316,11.55,0.49,0.0,,Received
300278,PO-2025-0096,20250210,5,2029,18,18,9.83,GBP,0.986316,9.7,0.43,0.0,,Received
300279,PO-2025-0097,20250210,5,2065,6,6,12.04,GBP,1.009056,12.15,0.45,0.0,,Received
300280,PO-2025-0097,20250210,5,2053,18,18,8.93,GBP,1.009056,9.01,0.27,0.0,,Received
300281,PO-2025-0098,20250212,6,2066,48,48,11.98,EUR,0.891986,10.69,0.94,0.16,,Received
300282,PO-2025-0098,20250212,6,2006,12,12,12.66,EUR,0.891986,11.29,0.6,0.25,,Received
300283,PO-2025-0098,20250212,6,2030,12,12,10.11,EUR,0.891986,9.02,0.65,0.2,,Received
300284,PO-2025-0099,20250220,1,2073,18,18,12.44,GBP,1.024319,12.74,0.5,0.0,0.35,Received
300285,PO-2025-0099,20250220,1,2037,6,6,7.58,GBP,1.024319,7.76,0.55,0.0,,Received
300286,PO-2025-0099,20250220,1,2049,6,6,8.6,GBP,1.024319,8.81,0.56,0.0,,Received
300287,PO-2025-0099,20250220,1,2001,24,24,7.58,GBP,1.024319,7.76,0.43,0.0,0.18,Received
300288,PO-2025-0099,20250220,1,2025,24,24,9.09,GBP,1.024319,9.31,0.49,0.0,,Received
300289,PO-2025-0100,20250228,2,2038,12,12,8.91,EUR,0.887393,7.91,0.71,0.05,,Received
300290,PO-2025-0100,20250228,2,2026,36,36,9.35,EUR,0.887393,8.3,0.53,0.12,0.28,Received
300291,PO-2025-0100,20250228,2,2002,48,48,9.3,EUR,0.887393,8.25,0.89,0.28,,Received
300292,PO-2025-0101,20250303,6,2066,36,36,14.47,EUR,0.852794,12.34,0.47,0.11,,Received
300293,PO-2025-0101,20250303,6,2030,12,12,9.65,EUR,0.852794,8.23,0.86,0.26,0.35,Received
300294,PO-2025-0101,20250303,6,2006,24,24,13.22,EUR,0.852794,11.27,0.79,0.21,,Received
300295,PO-2025-0101,20250303,6,2018,24,24,18.73,EUR,0.852794,15.97,0.76,0.18,,Received
300296,PO-2025-0102,20250306,12,2012,18,18,10.46,GBP,1.013033,10.6,0.36,0.0,0.36,Received
300297,PO-2025-0102,20250306,12,2024,12,12,14.04,GBP,1.013033,14.22,0.38,0.0,,Received
300298,PO-2025-0102,20250306,12,2060,24,24,8.63,GBP,1.013033,8.74,0.21,0.0,0.14,Received
300299,PO-2025-0103,20250306,6,2018,12,12,18.12,EUR,0.835512,15.14,0.6,0.14,,Received
300300,PO-2025-0104,20250307,4,2052,144,144,87.42,CNY,0.106271,9.29,1.74,0.43,,Received
300301,PO-2025-0104,20250307,4,2064,192,192,136.35,CNY,0.106271,14.49,1.5,0.83,,Received
300302,PO-2025-0104,20250307,4,2016,96,96,94.57,CNY,0.106271,10.05,1.39,1.4,0.45,Received
300303,PO-2025-0104,20250307,4,2004,144,144,77.82,CNY,0.106271,8.27,1.02,0.94,0.39,Received
300304,PO-2025-0104,20250307,4,2040,48,48,95.7,CNY,0.106271,10.17,2.24,0.68,,Received
300305,PO-2025-0105,20250311,11,2011,54,54,12.46,USD,0.819098,10.21,2.02,0.86,,Received
300306,PO-2025-0106,20250312,3,2039,72,72,1884.17,JPY,0.005318,10.02,1.56,0.94,,Received
300307,PO-2025-0106,20250312,3,2027,24,24,1731.85,JPY,0.005318,9.21,1.52,0.91,0.25,Received
300308,PO-2025-0106,20250312,3,2051,48,48,1511.85,JPY,0.005318,8.04,2.49,0.55,,Received
300309,PO-2025-0106,20250312,3,2015,24,24,1639.71,JPY,0.005318,8.72,1.33,1.06,,Received
300310,PO-2025-0106,20250312,3,2003,96,96,1835.28,JPY,0.005318,9.76,1.29,0.63,,Received
300311,PO-2025-0107,20250316,12,2012,12,12,10.86,GBP,1.019587,11.07,0.6,0.0,,Received
300312,PO-2025-0107,20250316,12,2060,24,24,9.18,GBP,1.019587,9.36,0.54,0.0,,Received
300313,PO-2025-0107,20250316,12,2072,12,12,10.71,GBP,1.019587,10.92,0.28,0.0,,Received
300314,PO-2025-0107,20250316,12,2036,24,24,8.46,GBP,1.019587,8.63,0.37,0.0,,Received
300315,PO-2025-0107,20250316,12,2024,6,6,14.09,GBP,1.019587,14.37,0.58,0.0,0.45,Received
300316,PO-2025-0108,20250319,2,2038,12,12,10.03,EUR,0.892664,8.95,0.84,0.08,,Received
300317,PO-2025-0108,20250319,2,2014,12,12,17.31,EUR,0.892664,15.45,0.58,0.24,,Received
300318,PO-2025-0109,20250319,5,2041,6,6,8.69,GBP,1.039694,9.03,0.37,0.0,,Received
300319,PO-2025-0109,20250319,5,2053,12,12,7.62,GBP,1.039694,7.92,0.5,0.0,,Received
300320,PO-2025-0109,20250319,5,2017,18,18,14.51,GBP,1.039694,15.09,0.44,0.0,,Received
300321,PO-2025-0109,20250319,5,2005,12,12,12.55,GBP,1.039694,13.05,0.42,0.0,,Received
300322,PO-2025-0110,20250327,8,2044,6,6,10.17,GBP,1.004169,10.21,0.28,0.0,,Received
300323,PO-2025-0110,20250327,8,2008,24,24,15.18,GBP,1.004169,15.24,0.52,0.0,,Received
300324,PO-2025-0110,20250327,8,2032,12,12,7.91,GBP,1.004169,7.94,0.23,0.0,0.38,Received
300325,PO-2025-0110,20250327,8,2068,18,18,13.09,GBP,1.004169,13.14,0.27,0.0,0.14,Received
300326,PO-2025-0110,20250327,8,2020,12,12,13.13,GBP,1.004169,13.18,0.54,0.0,,Received
300327,PO-2025-0111,20250331,7,2055,72,72,13076.92,KRW,0.000598,7.82,2.14,1.14,,Received
300328,PO-2025-0111,20250331,7,2031,24,24,14966.56,KRW,0.000598,8.95,1.82,1.06,,Received
300329,PO-2025-0112,20250331,1,2037,12,12,9.36,GBP,1.030143,9.64,0.31,0.0,,Received
300330,PO-2025-0112,20250331,1,2073,6,6,11.77,GBP,1.030143,12.12,0.46,0.0,,Received
300331,PO-2025-0112,20250331,1,2013,6,6,10.17,GBP,1.030143,10.48,0.38,0.0,0.26,Received
300332,PO-2025-0113,20250403,1,2025,18,18,8.7,GBP,1.026631,8.93,0.51,0.0,,Received
300333,PO-2025-0113,20250403,1,2037,18,18,9.83,GBP,1.026631,10.09,0.38,0.0,,Received
300334,PO-2025-0113,20250403,1,2001,24,24,9.3,GBP,1.026631,9.55,0.37,0.0,,Received
300335,PO-2025-0113,20250403,1,2061,24,24,14.0,GBP,1.026631,14.37,0.24,0.0,,Received
300336,PO-2025-0113,20250403,1,2049,12,12,9.96,GBP,1.026631,10.23,0.34,0.0,,Received
300337,PO-2025-0114,20250409,11,2023,36,36,16.64,USD,0.775753,12.91,1.27,0.98,,Received
300338,PO-2025-0114,20250409,11,2059,18,18,10.78,USD,0.775753,8.36,2.04,0.64,,Received
300339,PO-2025-0114,20250409,11,2011,54,54,14.61,USD,0.775753,11.33,1.59,1.33,0.35,Received
300340,PO-2025-0114,20250409,11,2071,72,72,13.84,USD,0.775753,10.74,2.19,1.27,,Received
300341,PO-2025-0114,20250409,11,2035,72,72,12.32,USD,0.775753,9.56,1.52,0.77,,Received
300342,PO-2025-0115,20250415,5,2005,18,18,11.3,GBP,1.027106,11.61,0.46,0.0,,Received
300343,PO-2025-0115,20250415,5,2029,24,24,9.6,GBP,1.027106,9.86,0.56,0.0,,Received
300344,PO-2025-0115,20250415,5,2017,12,12,14.42,GBP,1.027106,14.81,0.42,0.0,,Received
300345,PO-2025-0115,20250415,5,2041,24,24,9.05,GBP,1.027106,9.3,0.28,0.0,,Received
300346,PO-2025-0115,20250415,5,2065,6,6,11.0,GBP,1.027106,11.3,0.58,0.0,,Received
300347,PO-2025-0116,20250423,2,2074,36,36,18.81,EUR,0.874063,16.44,0.79,0.06,,Received
300348,PO-2025-0116,20250423,2,2050,24,24,11.25,EUR,0.874063,9.83,0.65,0.08,,Received
300349,PO-2025-0116,20250423,2,2062,12,12,15.73,EUR,0.874063,13.75,1.02,0.12,,Received
300350,PO-2025-0116,20250423,2,2038,36,36,8.97,EUR,0.874063,7.84,0.53,0.27,,Received
300351,PO-2025-0116,20250423,2,2026,36,36,9.55,EUR,0.874063,8.35,0.96,0.19,,Received
300352,PO-2025-0117,20250427,8,2044,18,18,9.53,GBP,0.997533,9.51,0.45,0.0,,Received
300353,PO-2025-0117,20250427,8,2008,6,6,14.64,GBP,0.997533,14.6,0.42,0.0,,Received
300354,PO-2025-0117,20250427,8,2068,18,18,12.04,GBP,0.997533,12.01,0.57,0.0,,Received
300355,PO-2025-0118,20250429,7,2031,24,24,15936.98,KRW,0.000603,9.61,2.2,1.29,,Received
300356,PO-2025-0118,20250429,7,2067,96,96,20530.68,KRW,0.000603,12.38,2.55,0.52,,Received
300357,PO-2025-0119,20250429,7,2019,72,72,27590.99,KRW,0.000577,15.92,2.3,0.95,,Received
300358,PO-2025-0119,20250429,7,2055,48,48,14298.09,KRW,0.000577,8.25,1.59,0.81,,Received
300359,PO-2025-0119,20250429,7,2067,48,48,20883.88,KRW,0.000577,12.05,2.58,0.41,0.08,Received
300360,PO-2025-0119,20250429,7,2043,96,96,13518.2,KRW,0.000577,7.8,2.24,1.47,,Received
300361,PO-2025-0120,20250502,6,2030,36,36,10.44,EUR,0.84603,8.83,1.02,0.12,,Received
300362,PO-2025-0120,20250502,6,2006,12,12,13.47,EUR,0.84603,11.4,1.06,0.2,,Received
300363,PO-2025-0120,20250502,6,2018,12,12,20.89,EUR,0.84603,17.67,0.79,0.25,,Received
300364,PO-2025-0121,20250505,12,2024,6,6,13.11,GBP,0.973824,12.77,0.53,0.0,0.4,Received
300365,PO-2025-0121,20250505,12,2036,12,12,10.41,GBP,0.973824,10.14,0.42,0.0,,Received
300366,PO-2025-0121,20250505,12,2072,12,12,13.58,GBP,0.973824,13.22,0.55,0.0,,Received
300367,PO-2025-0121,20250505,12,2048,6,6,10.42,GBP,0.973824,10.15,0.46,0.0,0.06,Received
300368,PO-2025-0121,20250505,12,2012,18,18,10.45,GBP,0.973824,10.18,0.29,0.0,,Received
300369,PO-2025-0122,20250508,2,2038,36,36,10.33,EUR,0.847405,8.75,1.02,0.08,0.33,Received
300370,PO-2025-0122,20250508,2,2062,48,48,19.14,EUR,0.847405,16.22,0.85,0.25,0.22,Received
300371,PO-2025-0122,20250508,2,2050,24,24,10.33,EUR,0.847405,8.75,0.73,0.07,,Received
300372,PO-2025-0123,20250510,7,2019,72,72,24916.67,KRW,0.0006,14.95,2.2,1.08,,Received
300373,PO-2025-0123,20250510,7,2055,24,24,13650.0,KRW,0.0006,8.19,1.72,0.96,0.29,Received
300374,PO-2025-0124,20250511,1,2037,18,18,9.8,GBP,0.970841,9.51,0.58,0.0,0.08,Received
300375,PO-2025-0124,20250511,1,2001,24,24,10.29,GBP,0.970841,9.99,0.28,0.0,,Received
300376,PO-2025-0124,20250511,1,2025,12,12,8.02,GBP,0.970841,7.79,0.3,0.0,,Received
300377,PO-2025-0124,20250511,1,2013,12,12,9.18,GBP,0.970841,8.91,0.51,0.0,,Received
300378,PO-2025-0125,20250516,12,2060,12,12,9.02,GBP,0.964723,8.7,0.22,0.0,,Received
300379,PO-2025-0125,20250516,12,2012,12,12,10.36,GBP,0.964723,9.99,0.6,0.0,,Received
300380,PO-2025-0126,20250519,9,2069,48,48,15.42,EUR,0.8535,13.16,1.02,0.08,,Received
300381,PO-2025-0127,20250521,5,2041,18,18,8.33,GBP,0.970718,8.09,0.55,0.0,0.29,Received
300382,PO-2025-0127,20250521,5,2005,12,12,11.87,GBP,0.970718,11.52,0.47,0.0,0.15,Received
300383,PO-2025-0127,20250521,5,2017,6,6,15.13,GBP,0.970718,14.69,0.42,0.0,,Received
300384,PO-2025-0127,20250521,5,2053,18,18,9.13,GBP,0.970718,8.86,0.36,0.0,,Received
300385,PO-2025-0128,20250525,4,2064,96,96,139.59,CNY,0.111038,15.5,1.27,0.44,,Received
300386,PO-2025-0128,20250525,4,2052,144,144,73.31,CNY,0.111038,8.14,1.69,0.49,,Received
300387,PO-2025-0128,20250525,4,2016,96,96,71.6,CNY,0.111038,7.95,1.53,0.77,,Received
300388,PO-2025-0128,20250525,4,2040,144,144,82.58,CNY,0.111038,9.17,1.57,0.56,,Received
300389,PO-2025-0129,20250528,2,2038,36,36,11.05,EUR,0.893924,9.88,0.48,0.08,,Received
300390,PO-2025-0130,20250529,12,2048,18,18,9.29,GBP,0.975725,9.06,0.34,0.0,0.05,Received
300391,PO-2025-0130,20250529,12,2012,12,12,11.52,GBP,0.975725,11.24,0.25,0.0,,Received
300392,PO-2025-0131,20250529,8,2032,6,6,7.62,GBP,1.035432,7.89,0.49,0.0,,Received
300393,PO-2025-0131,20250529,8,2020,24,24,13.74,GBP,1.035432,14.23,0.58,0.0,0.3,Received
300394,PO-2025-0131,20250529,8,2008,18,18,11.48,GBP,1.035432,11.89,0.25,0.0,0.05,Received
300395,PO-2025-0132,20250601,6,2054,12,12,9.63,EUR,0.853489,8.22,1.01,0.24,,Received
300396,PO-2025-0132,20250601,6,2030,36,36,10.31,EUR,0.853489,8.8,0.63,0.23,,Received
300397,PO-2025-0132,20250601,6,2066,48,48,16.0,EUR,0.853489,13.66,0.94,0.17,,Received
300398,PO-2025-0133,20250603,2,2050,12,12,9.86,EUR,0.835976,8.24,0.97,0.15,,Received
300399,PO-2025-0133,20250603,2,2026,48,48,10.13,EUR,0.835976,8.47,0.96,0.09,,Received
300400,PO-2025-0134,20250608,2,2038,12,12,8.83,EUR,0.891288,7.87,0.72,0.13,,Received
300401,PO-2025-0134,20250608,2,2074,12,12,18.89,EUR,0.891288,16.84,0.74,0.07,,Received
300402,PO-2025-0135,20250609,3,2039,24,24,1639.56,JPY,0.005227,8.57,2.34,0.93,,Received
300403,PO-2025-0135,20250609,3,2003,24,24,1522.86,JPY,0.005227,7.96,2.25,1.33,,Received
300404,PO-2025-0135,20250609,3,2051,24,24,1580.26,JPY,0.005227,8.26,1.49,0.68,,Received
300405,PO-2025-0136,20250610,6,2018,12,12,20.28,EUR,0.857928,17.4,1.04,0.22,,Received
300406,PO-2025-0136,20250610,6,2054,12,12,10.84,EUR,0.857928,9.3,0.54,0.16,0.06,Received
300407,PO-2025-0136,20250610,6,2006,48,48,12.19,EUR,0.857928,10.46,0.52,0.29,,Received
300408,PO-2025-0136,20250610,6,2030,12,12,11.34,EUR,0.857928,9.73,0.73,0.12,,Received
300409,PO-2025-0137,20250612,7,2067,96,96,19275.86,KRW,0.00058,11.18,1.2,0.84,,Received
300410,PO-2025-0137,20250612,7,2019,24,24,30017.24,KRW,0.00058,17.41,1.86,1.45,,Received
300411,PO-2025-0138,20250614,6,2066,24,24,14.97,EUR,0.847091,12.68,0.7,0.28,,Received
300412,PO-2025-0139,20250614,1,2049,6,6,9.06,GBP,1.014948,9.2,0.57,0.0,0.34,Received
300413,PO-2025-0139,20250614,1,2025,18,18,10.01,GBP,1.014948,10.16,0.53,0.0,,Received
300414,PO-2025-0140,20250614,7,2043,72,72,16605.04,KRW,0.000595,9.88,1.18,1.24,,Received
300415,PO-2025-0140,20250614,7,2055,24,24,15411.76,KRW,0.000595,9.17,2.22,0.72,,Received
300416,PO-2025-0140,20250614,7,2007,96,96,15848.74,KRW,0.000595,9.43,1.32,0.55,,Received
300417,PO-2025-0141,20250615,12,2036,12,11,8.06,GBP,0.991249,7.99,0.26,0.0,,Partially Received
300418,PO-2025-0141,20250615,12,2072,18,17,12.16,GBP,0.991249,12.05,0.46,0.0,0.34,Partially Received
300419,PO-2025-0141,20250615,12,2024,24,22,13.86,GBP,0.991249,13.74,0.5,0.0,0.23,Partially Received
300420,PO-2025-0141,20250615,12,2048,12,11,8.93,GBP,0.991249,8.85,0.36,0.0,,Partially Received
300421,PO-2025-0141,20250615,12,2060,24,22,10.13,GBP,0.991249,10.04,0.39,0.0,,Partially Received
300422,PO-2025-0142,20250619,1,2025,12,12,8.42,GBP,0.963326,8.11,0.52,0.0,,Received
300423,PO-2025-0142,20250619,1,2013,24,24,11.03,GBP,0.963326,10.63,0.25,0.0,,Received
300424,PO-2025-0142,20250619,1,2073,18,18,14.09,GBP,0.963326,13.57,0.46,0.0,,Received
300425,PO-2025-0142,20250619,1,2037,6,6,9.61,GBP,0.963326,9.26,0.35,0.0,,Received
300426,PO-2025-0143,20250623,7,2043,24,24,14644.07,KRW,0.00059,8.64,1.8,0.84,,Received
300427,PO-2025-0143,20250623,7,2007,24,24,19372.88,KRW,0.00059,11.43,1.12,0.97,,Received
300428,PO-2025-0144,20250626,4,2016,48,48,76.02,CNY,0.110885,8.43,2.17,1.28,,Received
300429,PO-2025-0144,20250626,4,2040,144,144,86.76,CNY,0.110885,9.62,1.55,1.45,0.31,Received
300430,PO-2025-0144,20250626,4,2052,96,96,90.45,CNY,0.110885,10.03,2.14,1.23,,Received
300431,PO-2025-0144,20250626,4,2004,144,144,91.0,CNY,0.110885,10.09,1.85,1.01,0.25,Received
300432,PO-2025-0145,20250704,5,2017,18,18,17.36,GBP,0.970005,16.84,0.28,0.0,0.18,Received
300433,PO-2025-0145,20250704,5,2029,12,12,9.41,GBP,0.970005,9.13,0.4,0.0,,Received
300434,PO-2025-0146,20250706,2,2014,12,11,18.65,EUR,0.854339,15.93,0.71,0.24,,Partially Received
300435,PO-2025-0147,20250711,12,2036,6,6,9.0,GBP,1.002407,9.02,0.33,0.0,0.37,Received
300436,PO-2025-0147,20250711,12,2072,18,18,13.25,GBP,1.002407,13.28,0.34,0.0,,Received
300437,PO-2025-0147,20250711,12,2048,24,24,10.22,GBP,1.002407,10.24,0.43,0.0,,Received
300438,PO-2025-0147,20250711,12,2012,6,6,11.24,GBP,1.002407,11.27,0.42,0.0,,Received
300439,PO-2025-0148,20250716,2,2074,36,36,21.13,EUR,0.886426,18.73,1.02,0.21,,Received
300440,PO-2025-0148,20250716,2,2050,36,36,11.28,EUR,0.886426,10.0,0.68,0.08,,Received
300441,PO-2025-0149,20250718,5,2005,6,6,11.49,GBP,0.982768,11.29,0.29,0.0,,Received
300442,PO-2025-0150,20250719,9,2045,48,48,11.08,EUR,0.872455,9.67,0.66,0.26,,Received
300443,PO-2025-0150,20250719,9,2069,24,24,12.17,EUR,0.872455,10.62,0.86,0.15,0.06,Received
300444,PO-2025-0150,20250719,9,2021,12,12,18.97,EUR,0.872455,16.55,0.57,0.28,0.19,Received
300445,PO-2025-0151,20250721,7,2019,48,48,30425.17,KRW,0.000588,17.89,2.6,1.03,,Received
300446,PO-2025-0151,20250721,7,2067,72,72,22363.95,KRW,0.000588,13.15,2.41,0.94,,Received
300447,PO-2025-0152,20250725,2,2038,36,36,11.56,EUR,0.863582,9.98,0.91,0.07,0.1,Received
300448,PO-2025-0152,20250725,2,2050,48,48,11.52,EUR,0.863582,9.95,0.77,0.26,,Received
300449,PO-2025-0152,20250725,2,2014,12,12,15.97,EUR,0.863582,13.79,0.49,0.27,,Received
300450,PO-2025-0152,20250725,2,2074,48,48,18.87,EUR,0.863582,16.3,1.0,0.18,,Received
300451,PO-2025-0152,20250725,2,2062,24,24,16.79,EUR,0.863582,14.5,0.78,0.25,,Received
300452,PO-2025-0153,20250802,12,2048,6,6,9.23,GBP,0.995863,9.19,0.28,0.0,,Received
300453,PO-2025-0153,20250802,12,2024,6,6,13.43,GBP,0.995863,13.37,0.32,0.0,0.1,Received
300454,PO-2025-0153,20250802,12,2072,18,18,13.02,GBP,0.995863,12.97,0.58,0.0,,Received
300455,PO-2025-0153,20250802,12,2012,18,18,10.62,GBP,0.995863,10.58,0.29,0.0,0.34,Received
300456,PO-2025-0154,20250806,4,2064,96,0,124.66,CNY,0.109016,13.59,1.36,1.32,,Cancelled
300457,PO-2025-0155,20250806,10,2022,180,180,130.89,CNY,0.113839,14.9,0.71,0.87,,Received
300458,PO-2025-0155,20250806,10,2034,120,120,88.02,CNY,0.113839,10.02,0.85,0.39,,Received
300459,PO-2025-0156,20250806,7,2067,96,96,24273.65,KRW,0.000592,14.37,1.28,0.7,,Received
300460,PO-2025-0156,20250806,7,2007,48,48,17922.3,KRW,0.000592,10.61,1.0,1.34,,Received
300461,PO-2025-0156,20250806,7,2055,72,72,15354.73,KRW,0.000592,9.09,2.31,1.39,,Received
300462,PO-2025-0156,20250806,7,2031,72,72,14155.41,KRW,0.000592,8.38,2.27,0.43,,Received
300463,PO-2025-0156,20250806,7,2043,72,72,13141.89,KRW,0.000592,7.78,1.42,0.84,,Received
300464,PO-2025-0157,20250813,4,2040,144,144,87.65,CNY,0.114088,10.0,1.77,0.67,,Received
300465,PO-2025-0157,20250813,4,2016,96,96,86.69,CNY,0.114088,9.89,1.33,1.42,,Received
300466,PO-2025-0157,20250813,4,2004,144,144,73.36,CNY,0.114088,8.37,1.04,1.42,,Received
300467,PO-2025-0157,20250813,4,2064,192,192,115.61,CNY,0.114088,13.19,1.49,1.02,,Received
300468,PO-2025-0158,20250815,4,2004,144,144,87.9,CNY,0.111036,9.76,1.35,0.83,,Received
300469,PO-2025-0158,20250815,4,2052,48,48,76.55,CNY,0.111036,8.5,2.57,0.68,,Received
300470,PO-2025-0158,20250815,4,2028,96,96,74.39,CNY,0.111036,8.26,1.83,0.55,,Received
300471,PO-2025-0158,20250815,4,2064,144,144,123.65,CNY,0.111036,13.73,2.21,0.89,,Received
300472,PO-2025-0158,20250815,4,2016,144,144,77.09,CNY,0.111036,8.56,2.23,1.05,,Received
300473,PO-2025-0159,20250821,3,2015,24,24,1556.49,JPY,0.005461,8.5,1.1,0.64,,Received
300474,PO-2025-0159,20250821,3,2063,48,48,2481.23,JPY,0.005461,13.55,1.51,0.54,,Received
300475,PO-2025-0159,20250821,3,2039,96,96,1706.65,JPY,0.005461,9.32,2.34,1.21,,Received
300476,PO-2025-0159,20250821,3,2051,48,48,1671.85,JPY,0.005461,9.13,2.28,1.03,,Received
300477,PO-2025-0159,20250821,3,2003,72,72,1464.93,JPY,0.005461,8.0,2.31,1.09,,Received
300478,PO-2025-0160,20250826,2,2038,12,12,11.22,EUR,0.828803,9.3,0.69,0.19,,Received
300479,PO-2025-0160,20250826,2,2002,36,36,10.98,EUR,0.828803,9.1,0.52,0.26,,Received
300480,PO-2025-0160,20250826,2,2050,48,48,12.02,EUR,0.828803,9.96,0.8,0.21,0.08,Received
300481,PO-2025-0161,20250828,5,2053,18,18,8.4,GBP,0.988999,8.31,0.59,0.0,,Received
300482,PO-2025-0161,20250828,5,2005,18,18,12.65,GBP,0.988999,12.51,0.37,0.0,,Received
300483,PO-2025-0162,20250829,1,2013,12,0,10.78,GBP,1.00246,10.81,0.44,0.0,,Cancelled
300484,PO-2025-0162,20250829,1,2001,18,0,9.31,GBP,1.00246,9.33,0.36,0.0,,Cancelled
300485,PO-2025-0162,20250829,1,2025,24,0,8.3,GBP,1.00246,8.32,0.26,0.0,,Cancelled
300486,PO-2025-0162,20250829,1,2061,6,0,14.49,GBP,1.00246,14.53,0.28,0.0,,Cancelled
300487,PO-2025-0163,20250901,4,2040,144,144,87.89,CNY,0.108316,9.52,1.79,0.67,,Received
300488,PO-2025-0163,20250901,4,2004,48,48,82.72,CNY,0.108316,8.96,1.12,0.9,,Received
300489,PO-2025-0163,20250901,4,2016,48,48,78.1,CNY,0.108316,8.46,2.19,0.89,,Received
300490,PO-2025-0163,20250901,4,2064,192,192,122.42,CNY,0.108316,13.26,1.37,0.47,0.17,Received
300491,PO-2025-0163,20250901,4,2052,144,144,88.54,CNY,0.108316,9.59,2.34,0.63,,Received
300492,PO-2025-0164,20250906,2,2062,24,24,16.37,EUR,0.855643,14.01,0.54,0.16,,Received
300493,PO-2025-0164,20250906,2,2050,36,36,9.21,EUR,0.855643,7.88,0.49,0.07,,Received
300494,PO-2025-0164,20250906,2,2038,36,36,11.2,EUR,0.855643,9.58,0.87,0.07,0.42,Received
300495,PO-2025-0164,20250906,2,2002,12,12,11.98,EUR,0.855643,10.25,0.87,0.16,,Received
300496,PO-2025-0165,20250909,5,2041,18,18,9.7,GBP,1.038947,10.08,0.28,0.0,,Received
300497,PO-2025-0165,20250909,5,2053,18,18,8.07,GBP,1.038947,8.38,0.6,0.0,,Received
300498,PO-2025-0166,20250910,3,2063,72,72,2846.27,JPY,0.005386,15.33,1.52,0.84,,Received
300499,PO-2025-0166,20250910,3,2027,24,24,1624.58,JPY,0.005386,8.75,1.91,0.46,,Received
300500,PO-2025-0166,20250910,3,2039,24,24,1448.2,JPY,0.005386,7.8,1.71,0.65,,Received
300501,PO-2025-0166,20250910,3,2003,72,72,1767.55,JPY,0.005386,9.52,1.97,1.46,,Received
300502,PO-2025-0166,20250910,3,2051,24,24,1567.03,JPY,0.005386,8.44,1.06,0.48,,Received
300503,PO-2025-0167,20250916,5,2017,24,24,17.99,GBP,1.028959,18.51,0.32,0.0,,Received
300504,PO-2025-0167,20250916,5,2053,6,6,8.48,GBP,1.028959,8.73,0.48,0.0,,Received
300505,PO-2025-0167,20250916,5,2005,6,6,13.89,GBP,1.028959,14.29,0.55,0.0,,Received
300506,PO-2025-0168,20250918,2,2050,12,12,12.09,EUR,0.82907,10.02,0.71,0.07,0.18,Received
300507,PO-2025-0168,20250918,2,2062,48,48,17.48,EUR,0.82907,14.49,1.07,0.15,0.16,Received
300508,PO-2025-0168,20250918,2,2038,12,12,11.29,EUR,0.82907,9.36,0.9,0.16,,Received
300509,PO-2025-0168,20250918,2,2074,48,48,22.4,EUR,0.82907,18.57,0.66,0.09,,Received
300510,PO-2025-0168,20250918,2,2014,36,36,15.64,EUR,0.82907,12.97,0.69,0.17,0.39,Received
300511,PO-2025-0169,20250920,8,2020,6,6,15.24,GBP,1.035124,15.78,0.35,0.0,,Received
300512,PO-2025-0169,20250920,8,2044,24,24,9.72,GBP,1.035124,10.06,0.23,0.0,,Received
300513,PO-2025-0170,20250921,3,2039,24,24,1418.91,JPY,0.005469,7.76,1.22,1.0,,Received
300514,PO-2025-0171,20250921,7,2043,24,24,15820.64,KRW,0.000591,9.35,1.77,1.25,,Received
300515,PO-2025-0171,20250921,7,2055,48,48,15448.39,KRW,0.000591,9.13,1.93,1.27,,Received
300516,PO-2025-0171,20250921,7,2067,24,24,22233.5,KRW,0.000591,13.14,1.98,0.7,,Received
300517,PO-2025-0171,20250921,7,2031,72,72,16497.46,KRW,0.000591,9.75,1.83,0.51,,Received
300518,PO-2025-0171,20250921,7,2007,72,72,14467.01,KRW,0.000591,8.55,1.17,1.19,,Received
300519,PO-2025-0172,20250924,7,2067,72,72,23173.24,KRW,0.000583,13.51,2.38,0.62,,Received
300520,PO-2025-0172,20250924,7,2031,96,96,17032.59,KRW,0.000583,9.93,2.43,0.58,,Received
300521,PO-2025-0172,20250924,7,2007,96,96,18970.84,KRW,0.000583,11.06,1.08,0.69,0.32,Received
300522,PO-2025-0172,20250924,7,2055,24,24,13910.81,KRW,0.000583,8.11,1.97,1.4,,Received
300523,PO-2025-0172,20250924,7,2019,24,24,31852.49,KRW,0.000583,18.57,1.24,0.81,,Received
300524,PO-2025-0173,20250930,10,2046,120,120,80.15,CNY,0.113161,9.07,0.69,1.04,,Received
300525,PO-2025-0173,20250930,10,2058,180,180,72.99,CNY,0.113161,8.26,0.95,0.42,,Received
300526,PO-2025-0173,20250930,10,2022,60,60,143.34,CNY,0.113161,16.22,0.72,0.72,,Received
300527,PO-2025-0173,20250930,10,2010,60,60,107.55,CNY,0.113161,12.17,0.96,0.91,,Received
300528,PO-2025-0174,20251001,2,2062,36,36,18.25,EUR,0.871442,15.9,0.92,0.12,,Received
300529,PO-2025-0174,20251001,2,2038,24,24,10.27,EUR,0.871442,8.95,1.02,0.08,,Received
300530,PO-2025-0174,20251001,2,2074,48,48,23.03,EUR,0.871442,20.07,1.03,0.13,,Received
300531,PO-2025-0174,20251001,2,2050,24,24,10.74,EUR,0.871442,9.36,0.6,0.19,,Received
300532,PO-2025-0174,20251001,2,2026,36,36,8.94,EUR,0.871442,7.79,0.71,0.23,,Received
300533,PO-2025-0175,20251003,8,2044,6,6,8.47,GBP,1.013766,8.59,0.43,0.0,,Received
300534,PO-2025-0175,20251003,8,2068,24,24,13.69,GBP,1.013766,13.88,0.35,0.0,,Received
300535,PO-2025-0175,20251003,8,2008,24,24,13.98,GBP,1.013766,14.17,0.51,0.0,,Received
300536,PO-2025-0175,20251003,8,2032,18,18,9.79,GBP,1.013766,9.92,0.38,0.0,,Received
300537,PO-2025-0176,20251005,8,2032,12,12,9.67,GBP,0.982134,9.5,0.42,0.0,,Received
300538,PO-2025-0176,20251005,8,2020,12,12,17.67,GBP,0.982134,17.35,0.53,0.0,,Received
300539,PO-2025-0176,20251005,8,2056,24,24,8.62,GBP,0.982134,8.47,0.55,0.0,,Received
300540,PO-2025-0176,20251005,8,2008,24,24,15.48,GBP,0.982134,15.2,0.22,0.0,,Received
300541,PO-2025-0176,20251005,8,2044,24,24,9.47,GBP,0.982134,9.3,0.48,0.0,,Received
300542,PO-2025-0177,20251006,6,2030,24,24,9.8,EUR,0.871606,8.54,0.7,0.27,,Received
300543,PO-2025-0178,20251006,4,2016,48,48,84.66,CNY,0.107248,9.08,1.32,1.48,,Received
300544,PO-2025-0178,20251006,4,2064,96,96,155.43,CNY,0.107248,16.67,1.83,1.25,,Received
300545,PO-2025-0178,20251006,4,2028,192,192,82.43,CNY,0.107248,8.84,2.0,1.37,,Received
300546,PO-2025-0179,20251007,11,2047,36,36,12.33,USD,0.800393,9.87,1.33,0.47,,Received
300547,PO-2025-0179,20251007,11,2035,18,18,11.42,USD,0.800393,9.14,2.26,1.32,,Received
300548,PO-2025-0179,20251007,11,2071,36,36,13.98,USD,0.800393,11.19,1.17,0.74,,Received
300549,PO-2025-0179,20251007,11,2011,72,72,12.92,USD,0.800393,10.34,1.85,1.27,,Received
300550,PO-2025-0180,20251008,2,2026,24,24,10.57,EUR,0.893088,9.44,0.88,0.06,,Received
300551,PO-2025-0180,20251008,2,2062,48,48,17.09,EUR,0.893088,15.26,0.73,0.11,,Received
300552,PO-2025-0180,20251008,2,2074,24,24,19.37,EUR,0.893088,17.3,0.67,0.21,0.43,Received
300553,PO-2025-0181,20251009,12,2012,24,24,9.71,GBP,0.997422,9.68,0.53,0.0,,Received
300554,PO-2025-0182,20251010,5,2053,24,24,10.42,GBP,0.982124,10.23,0.25,0.0,,Received
300555,PO-2025-0182,20251010,5,2017,12,12,16.91,GBP,0.982124,16.61,0.25,0.0,,Received
300556,PO-2025-0182,20251010,5,2029,6,6,10.06,GBP,0.982124,9.88,0.57,0.0,,Received
300557,PO-2025-0183,20251012,4,2040,192,192,77.58,CNY,0.110203,8.55,1.71,1.36,,Received
300558,PO-2025-0183,20251012,4,2052,48,48,93.01,CNY,0.110203,10.25,1.71,1.23,,Received
300559,PO-2025-0183,20251012,4,2004,192,192,74.14,CNY,0.110203,8.17,2.25,0.49,,Received
300560,PO-2025-0184,20251014,10,2022,120,120,112.98,CNY,0.111609,12.61,0.77,0.8,0.06,Received
300561,PO-2025-0185,20251015,9,2009,12,12,12.41,EUR,0.888779,11.03,0.51,0.14,,Received
300562,PO-2025-0186,20251017,8,2008,12,0,13.99,GBP,1.01212,14.16,0.23,0.0,,Cancelled
300563,PO-2025-0187,20251018,6,2018,36,36,20.2,EUR,0.852891,17.23,0.65,0.13,,Received
300564,PO-2025-0187,20251018,6,2030,36,36,10.26,EUR,0.852891,8.75,0.47,0.3,,Received
300565,PO-2025-0188,20251019,3,2051,96,85,1494.4,JPY,0.005447,8.14,2.48,1.15,0.12,Partially Received
300566,PO-2025-0189,20251019,9,2021,48,48,21.07,EUR,0.8679,18.29,0.53,0.19,,Received
300567,PO-2025-0189,20251019,9,2045,36,36,11.56,EUR,0.8679,10.03,0.73,0.29,,Received
300568,PO-2025-0190,20251020,5,2041,18,18,9.57,GBP,1.002707,9.6,0.26,0.0,,Received
300569,PO-2025-0191,20251020,9,2069,24,24,14.65,EUR,0.849601,12.45,1.06,0.22,,Received
300570,PO-2025-0191,20251020,9,2021,24,24,20.96,EUR,0.849601,17.81,0.98,0.26,,Received
300571,PO-2025-0192,20251020,7,2007,48,48,15460.75,KRW,0.000586,9.06,2.35,0.49,0.33,Received
300572,PO-2025-0192,20251020,7,2031,72,72,15972.7,KRW,0.000586,9.36,2.57,1.48,,Received
300573,PO-2025-0192,20251020,7,2055,24,24,13805.46,KRW,0.000586,8.09,1.53,0.92,,Received
300574,PO-2025-0192,20251020,7,2043,24,24,16587.03,KRW,0.000586,9.72,1.09,1.49,,Received
300575,PO-2025-0193,20251026,8,2056,24,24,8.25,GBP,0.982778,8.11,0.43,0.0,,Received
300576,PO-2025-0194,20251026,1,2073,18,18,11.02,GBP,1.006353,11.09,0.26,0.0,,Received
300577,PO-2025-0194,20251026,1,2013,18,18,11.41,GBP,1.006353,11.48,0.31,0.0,,Received
300578,PO-2025-0194,20251026,1,2025,6,6,7.84,GBP,1.006353,7.89,0.32,0.0,0.34,Received
300579,PO-2025-0195,20251028,1,2073,12,12,14.37,GBP,0.960667,13.8,0.55,0.0,,Received
300580,PO-2025-0195,20251028,1,2049,6,6,8.98,GBP,0.960667,8.63,0.47,0.0,0.19,Received
300581,PO-2025-0195,20251028,1,2037,18,18,9.25,GBP,0.960667,8.89,0.31,0.0,,Received
300582,PO-2025-0196,20251030,9,2009,48,48,9.78,EUR,0.880633,8.61,0.87,0.07,,Received
300583,PO-2025-0196,20251030,9,2033,24,24,10.72,EUR,0.880633,9.44,0.64,0.11,,Received
300584,PO-2025-0196,20251030,9,2069,24,24,13.91,EUR,0.880633,12.25,1.02,0.23,0.25,Received
300585,PO-2025-0196,20251030,9,2021,12,12,18.26,EUR,0.880633,16.08,0.88,0.1,,Received
300586,PO-2025-0197,20251104,2,2014,48,48,14.75,EUR,0.871371,12.85,1.1,0.25,,Received
300587,PO-2025-0197,20251104,2,2074,48,48,18.68,EUR,0.871371,16.28,0.86,0.14,,Received
300588,PO-2025-0198,20251105,6,2018,36,32,20.54,EUR,0.894289,18.37,1.07,0.09,,Partially Received
300589,PO-2025-0198,20251105,6,2066,24,21,15.08,EUR,0.894289,13.49,0.63,0.24,,Partially Received
300590,PO-2025-0199,20251108,12,2024,12,12,17.54,GBP,0.976842,17.13,0.56,0.0,0.35,Received
300591,PO-2025-0199,20251108,12,2036,6,6,10.34,GBP,0.976842,10.1,0.28,0.0,,Received
300592,PO-2025-0199,20251108,12,2072,12,12,10.92,GBP,0.976842,10.67,0.41,0.0,,Received
300593,PO-2025-0199,20251108,12,2012,12,12,10.91,GBP,0.976842,10.66,0.53,0.0,,Received
300594,PO-2025-0199,20251108,12,2048,12,12,10.19,GBP,0.976842,9.95,0.53,0.0,,Received
300595,PO-2025-0200,20251113,2,2038,12,12,9.51,EUR,0.8498,8.08,0.49,0.24,,Received
300596,PO-2025-0200,20251113,2,2062,36,36,16.51,EUR,0.8498,14.03,0.49,0.16,,Received
300597,PO-2025-0200,20251113,2,2074,12,12,19.98,EUR,0.8498,16.98,0.94,0.09,,Received
300598,PO-2025-0200,20251113,2,2050,24,24,12.06,EUR,0.8498,10.25,1.04,0.05,,Received
300599,PO-2025-0201,20251117,6,2066,12,12,14.4,EUR,0.828411,11.93,1.0,0.19,,Received
300600,PO-2025-0201,20251117,6,2030,12,12,10.95,EUR,0.828411,9.07,1.01,0.13,,Received
300601,PO-2025-0201,20251117,6,2054,24,24,11.32,EUR,0.828411,9.38,0.81,0.11,,Received
300602,PO-2025-0201,20251117,6,2018,12,12,17.87,EUR,0.828411,14.8,0.51,0.17,,Received
300603,PO-2025-0201,20251117,6,2006,48,48,11.54,EUR,0.828411,9.56,0.97,0.07,,Received
300604,PO-2025-0202,20251118,8,2020,18,18,15.31,GBP,1.012716,15.5,0.29,0.0,,Received
300605,PO-2025-0202,20251118,8,2044,12,12,8.26,GBP,1.012716,8.37,0.25,0.0,,Received
300606,PO-2025-0202,20251118,8,2056,18,18,7.87,GBP,1.012716,7.97,0.34,0.0,,Received
300607,PO-2025-0202,20251118,8,2008,12,12,14.8,GBP,1.012716,14.99,0.26,0.0,,Received
300608,PO-2025-0203,20251120,1,2013,6,6,10.81,GBP,0.97205,10.51,0.24,0.0,0.42,Received
300609,PO-2025-0204,20251120,11,2023,72,72,19.93,USD,0.813821,16.22,2.54,1.15,,Received
300610,PO-2025-0204,20251120,11,2059,72,72,11.89,USD,0.813821,9.68,2.55,1.05,,Received
300611,PO-2025-0204,20251120,11,2035,54,54,9.58,USD,0.813821,7.8,1.48,0.47,,Received
300612,PO-2025-0204,20251120,11,2011,36,36,11.07,USD,0.813821,9.01,1.21,0.51,0.06,Received
300613,PO-2025-0204,20251120,11,2071,36,36,16.07,USD,0.813821,13.08,1.33,0.58,,Received
300614,PO-2025-0205,20251122,6,2018,12,12,19.71,EUR,0.832759,16.41,1.02,0.12,,Received
300615,PO-2025-0205,20251122,6,2054,24,24,10.57,EUR,0.832759,8.8,0.73,0.07,,Received
300616,PO-2025-0205,20251122,6,2006,48,48,10.76,EUR,0.832759,8.96,0.62,0.27,,Received
300617,PO-2025-0205,20251122,6,2066,12,12,15.17,EUR,0.832759,12.63,0.92,0.22,0.3,Received
300618,PO-2025-0205,20251122,6,2030,36,36,10.9,EUR,0.832759,9.08,0.95,0.24,,Received
300619,PO-2025-0206,20251129,2,2002,24,24,12.35,EUR,0.825865,10.2,0.88,0.11,,Received
300620,PO-2025-0206,20251129,2,2038,24,24,9.52,EUR,0.825865,7.86,0.92,0.3,,Received
300621,PO-2025-0206,20251129,2,2050,36,36,9.7,EUR,0.825865,8.01,0.89,0.05,,Received
300622,PO-2025-0207,20251130,9,2009,24,24,12.74,EUR,0.890704,11.35,0.79,0.25,,Received
300623,PO-2025-0207,20251130,9,2021,48,48,16.67,EUR,0.890704,14.85,0.46,0.07,,Received
300624,PO-2025-0207,20251130,9,2033,12,12,10.77,EUR,0.890704,9.59,0.96,0.16,,Received
300625,PO-2025-0207,20251130,9,2057,48,48,9.88,EUR,0.890704,8.8,1.01,0.21,,Received
300626,PO-2025-0208,20251203,9,2057,48,48,10.75,EUR,0.879159,9.45,0.46,0.2,,Received
300627,PO-2025-0208,20251203,9,2021,48,48,16.91,EUR,0.879159,14.87,0.77,0.24,,Received
300628,PO-2025-0209,20251209,2,2014,36,36,18.04,EUR,0.837939,15.12,0.48,0.08,0.21,Received
300629,PO-2025-0209,20251209,2,2026,12,12,9.61,EUR,0.837939,8.05,0.8,0.05,,Received
300630,PO-2025-0209,20251209,2,2050,12,12,11.22,EUR,0.837939,9.4,0.5,0.23,,Received
300631,PO-2025-0210,20251213,12,2072,6,5,12.7,GBP,1.024527,13.01,0.26,0.0,,Partially Received
300632,PO-2025-0211,20251214,6,2066,24,24,13.33,EUR,0.855328,11.4,0.62,0.06,0.21,Received
300633,PO-2025-0211,20251214,6,2018,48,48,20.53,EUR,0.855328,17.56,0.99,0.06,,Received
300634,PO-2025-0211,20251214,6,2054,24,24,9.58,EUR,0.855328,8.19,0.72,0.16,,Received
300635,PO-2025-0212,20251219,10,2058,240,240,86.91,CNY,0.106657,9.27,1.06,0.92,0.1,Received
300636,PO-2025-0212,20251219,10,2070,120,120,98.73,CNY,0.106657,10.53,0.74,0.94,,Received
300637,PO-2025-0212,20251219,10,2034,60,60,72.94,CNY,0.106657,7.78,1.31,0.79,,Received
300638,PO-2025-0212,20251219,10,2046,120,120,75.76,CNY,0.106657,8.08,1.14,1.04,0.38,Received
300639,PO-2025-0213,20251221,10,2070,120,120,118.11,CNY,0.111249,13.14,0.64,0.9,,Received
300640,PO-2025-0213,20251221,10,2034,180,180,73.98,CNY,0.111249,8.23,1.39,0.85,0.23,Received
300641,PO-2025-0213,20251221,10,2010,240,240,88.27,CNY,0.111249,9.82,1.23,1.0,0.18,Received
300642,PO-2025-0214,20251223,6,2054,48,0,11.17,EUR,0.87712,9.8,1.07,0.19,,Ordered
300643,PO-2025-0214,20251223,6,2030,36,0,11.42,EUR,0.87712,10.02,0.88,0.28,,Ordered
300644,PO-2025-0215,20251224,12,2036,24,24,8.32,GBP,1.004595,8.36,0.28,0.0,,Received
300645,PO-2025-0215,20251224,12,2012,24,24,9.83,GBP,1.004595,9.88,0.47,0.0,0.25,Received
300646,PO-2025-0215,20251224,12,2060,12,12,9.28,GBP,1.004595,9.32,0.24,0.0,0.3,Received
300647,PO-2025-0215,20251224,12,2024,24,24,15.29,GBP,1.004595,15.36,0.53,0.0,,Received
300648,PO-2025-0215,20251224,12,2072,6,6,11.3,GBP,1.004595,11.35,0.27,0.0,,Received
300649,PO-2025-0216,20251228,2,2074,48,0,18.88,EUR,0.84818,16.01,0.84,0.07,0.21,In Transit
300650,PO-2025-0216,20251228,2,2002,12,0,10.16,EUR,0.84818,8.62,0.65,0.24,,In Transit
