InventorySnapshotID,SnapshotDateKey,ProductID,UnitsInStock,UnitsReserved,UnitsDamaged,UnitsOnOrder,ReorderPoint,SafetyStock,AverageUnitCost
700001,20240131,2001,12,0,1,0,12,6,10.17
700002,20240131,2002,0,0,0,0,12,6,0.0
700003,20240131,2003,17,2,1,0,12,6,12.98
700004,20240131,2004,0,0,0,0,12,6,0.0
700005,20240131,2005,0,0,0,0,6,3,0.0
700006,20240131,2006,0,0,0,0,6,3,0.0
700007,20240131,2007,0,0,0,0,6,3,0.0
700008,20240131,2008,0,0,0,0,6,3,0.0
700009,20240131,2009,0,0,0,0,6,3,0.0
700010,20240131,2010,167,6,0,0,6,3,15.01
700011,20240131,2011,0,0,0,0,6,3,0.0
700012,20240131,2012,0,0,0,0,6,3,0.0
700013,20240131,2013,0,0,0,0,6,3,0.0
700014,20240131,2014,0,0,0,0,6,3,0.0
700015,20240131,2015,50,4,0,0,12,6,10.34
700016,20240131,2016,0,0,0,0,12,6,0.0
700017,20240131,2017,0,0,0,0,8,4,0.0
700018,20240131,2018,0,0,0,0,8,4,0.0
700019,20240131,2019,0,0,0,0,8,4,0.0
700020,20240131,2020,0,0,0,0,6,3,0.0
700021,20240131,2021,0,0,0,0,6,3,0.0
700022,20240131,2022,90,3,1,0,6,3,17.06
700023,20240131,2023,0,0,0,0,6,3,0.0
700024,20240131,2024,12,2,0,0,6,3,15.38
700025,20240131,2025,23,3,0,0,12,6,9.09
700026,20240131,2026,0,0,0,0,12,6,0.0
700027,20240131,2027,86,0,1,0,12,6,13.37
700028,20240131,2028,0,0,0,0,12,6,0.0
700029,20240131,2029,0,0,0,0,12,6,0.0
700030,20240131,2030,0,0,0,0,12,6,0.0
700031,20240131,2031,0,0,0,0,12,6,0.0
700032,20240131,2032,0,0,0,0,12,6,0.0
700033,20240131,2033,0,0,0,0,12,6,0.0
700034,20240131,2034,133,2,0,0,12,6,10.38
700035,20240131,2035,0,0,0,0,12,6,0.0
700036,20240131,2036,0,0,0,0,12,6,0.0
700037,20240131,2037,11,1,0,0,12,6,8.77
700038,20240131,2038,0,0,0,0,12,6,0.0
700039,20240131,2039,68,1,1,0,12,6,11.93
700040,20240131,2040,0,0,0,0,12,6,0.0
700041,20240131,2041,0,0,0,0,12,6,0.0
700042,20240131,2042,0,0,0,0,12,6,0.0
700043,20240131,2043,0,0,0,0,12,6,0.0
700044,20240131,2044,18,0,0,0,12,6,8.9
700045,20240131,2045,0,0,0,0,12,6,0.0
700046,20240131,2046,14,2,0,0,12,6,10.16
700047,20240131,2047,0,0,0,0,12,6,0.0
700048,20240131,2048,22,1,0,0,12,6,9.64
700049,20240131,2049,24,0,0,0,12,6,8.86
700050,20240131,2050,0,0,0,0,12,6,0.0
700051,20240131,2051,7,3,0,0,12,6,11.74
700052,20240131,2052,0,0,0,0,12,6,0.0
700053,20240131,2053,0,0,0,0,12,6,0.0
700054,20240131,2054,0,0,0,0,12,6,0.0
700055,20240131,2055,0,0,0,0,12,6,0.0
700056,20240131,2056,0,0,0,0,12,6,0.0
700057,20240131,2057,24,1,0,0,12,6,9.35
700058,20240131,2058,0,0,0,0,12,6,0.0
700059,20240131,2059,0,0,0,0,12,6,0.0
700060,20240131,2060,17,0,0,0,12,6,8.78
700061,20240131,2061,12,8,0,0,12,6,13.63
700062,20240131,2062,0,0,0,0,12,6,0.0
700063,20240131,2063,0,0,0,0,12,6,0.0
700064,20240131,2064,0,0,0,0,12,6,0.0
700065,20240131,2065,0,0,0,0,6,3,0.0
700066,20240131,2066,0,0,0,0,6,3,0.0
700067,20240131,2067,0,0,0,0,6,3,0.0
700068,20240131,2068,0,0,0,0,6,3,0.0
700069,20240131,2069,0,0,0,0,6,3,0.0
700070,20240131,2070,150,1,1,0,6,3,12.61
700071,20240131,2071,0,0,0,0,6,3,0.0
700072,20240131,2072,0,0,0,0,6,3,0.0
700073,20240131,2073,0,0,0,0,6,3,0.0
700074,20240131,2074,0,0,0,0,6,3,0.0
700075,20240229,2001,12,0,0,0,12,6,10.17
700076,20240229,2002,0,0,0,0,12,6,0.0
700077,20240229,2003,1,1,0,0,12,6,12.98
700078,20240229,2004,94,5,0,0,12,6,11.33
700079,20240229,2005,0,0,0,0,6,3,0.0
700080,20240229,2006,0,0,0,0,6,3,0.0
700081,20240229,2007,43,3,1,0,6,3,11.67
700082,20240229,2008,0,0,0,0,6,3,0.0
700083,20240229,2009,0,0,0,0,6,3,0.0
700084,20240229,2010,102,6,0,0,6,3,15.01
700085,20240229,2011,0,0,0,0,6,3,0.0
700086,20240229,2012,0,0,0,0,6,3,10.54
700087,20240229,2013,0,0,0,0,6,3,0.0
700088,20240229,2014,0,0,0,0,6,3,0.0
700089,20240229,2015,2,2,0,0,12,6,10.34
700090,20240229,2016,192,0,0,0,12,6,12.64
700091,20240229,2017,0,0,0,0,8,4,0.0
700092,20240229,2018,0,0,0,0,8,4,0.0
700093,20240229,2019,72,0,0,0,8,4,18.19
700094,20240229,2020,0,0,0,0,6,3,0.0
700095,20240229,2021,0,0,0,0,6,3,0.0
700096,20240229,2022,34,9,0,0,6,3,17.06
700097,20240229,2023,0,0,0,0,6,3,0.0
700098,20240229,2024,0,0,0,0,6,3,15.38
700099,20240229,2025,0,0,0,0,12,6,9.09
700100,20240229,2026,0,0,0,0,12,6,0.0
700101,20240229,2027,166,2,0,0,12,6,12.48
700102,20240229,2028,142,0,1,0,12,6,11.16
700103,20240229,2029,0,0,0,0,12,6,0.0
700104,20240229,2030,0,0,0,0,12,6,0.0
700105,20240229,2031,0,0,0,0,12,6,0.0
700106,20240229,2032,0,0,0,0,12,6,0.0
700107,20240229,2033,0,0,0,0,12,6,0.0
700108,20240229,2034,114,1,1,0,12,6,10.38
700109,20240229,2035,0,0,0,0,12,6,0.0
700110,20240229,2036,0,0,0,0,12,6,10.64
700111,20240229,2037,0,0,0,0,12,6,8.77
700112,20240229,2038,0,0,0,0,12,6,0.0
700113,20240229,2039,1,1,0,0,12,6,11.93
700114,20240229,2040,0,0,0,0,12,6,0.0
700115,20240229,2041,0,0,0,0,12,6,0.0
700116,20240229,2042,0,0,0,0,12,6,0.0
700117,20240229,2043,48,0,0,0,12,6,11.49
700118,20240229,2044,18,0,1,0,12,6,8.9
700119,20240229,2045,0,0,0,0,12,6,0.0
700120,20240229,2046,2,2,0,0,12,6,10.16
700121,20240229,2047,0,0,0,0,12,6,0.0
700122,20240229,2048,0,0,0,0,12,6,9.64
700123,20240229,2049,0,0,0,0,12,6,8.86
700124,20240229,2050,0,0,0,0,12,6,0.0
700125,20240229,2051,1,1,0,0,12,6,11.74
700126,20240229,2052,0,0,0,0,12,6,0.0
700127,20240229,2053,0,0,0,0,12,6,0.0
700128,20240229,2054,0,0,0,0,12,6,0.0
700129,20240229,2055,2,2,0,0,12,6,13.36
700130,20240229,2056,0,0,0,0,12,6,0.0
700131,20240229,2057,1,1,0,0,12,6,9.35
700132,20240229,2058,0,0,0,0,12,6,0.0
700133,20240229,2059,0,0,0,0,12,6,0.0
700134,20240229,2060,0,0,0,0,12,6,9.13
700135,20240229,2061,0,0,0,0,12,6,13.63
700136,20240229,2062,0,0,0,0,12,6,0.0
700137,20240229,2063,0,0,0,0,12,6,0.0
700138,20240229,2064,0,0,0,0,12,6,0.0
700139,20240229,2065,0,0,0,0,6,3,0.0
700140,20240229,2066,0,0,0,0,6,3,0.0
700141,20240229,2067,0,0,0,0,6,3,0.0
700142,20240229,2068,0,0,0,0,6,3,0.0
700143,20240229,2069,0,0,0,0,6,3,0.0
700144,20240229,2070,85,3,1,0,6,3,12.61
700145,20240229,2071,0,0,0,0,6,3,0.0
700146,20240229,2072,0,0,0,0,6,3,12.69
700147,20240229,2073,0,0,0,0,6,3,0.0
700148,20240229,2074,0,0,0,0,6,3,0.0
700149,20240331,2001,12,0,0,0,12,6,10.17
700150,20240331,2002,0,0,0,0,12,6,0.0
700151,20240331,2003,1,1,0,0,12,6,12.98
700152,20240331,2004,44,5,0,0,12,6,11.33
700153,20240331,2005,0,0,0,0,6,3,0.0
700154,20240331,2006,0,0,0,0,6,3,0.0
700155,20240331,2007,21,0,0,0,6,3,11.67
700156,20240331,2008,0,0,0,0,6,3,0.0
700157,20240331,2009,0,0,0,0,6,3,0.0
700158,20240331,2010,34,5,0,0,6,3,15.01
700159,20240331,2011,0,0,0,0,6,3,0.0
700160,20240331,2012,22,1,0,2,6,3,12.36
700161,20240331,2013,0,0,0,0,6,3,0.0
700162,20240331,2014,0,0,0,0,6,3,0.0
700163,20240331,2015,5,5,0,0,12,6,11.52
700164,20240331,2016,288,0,1,0,12,6,13.04
700165,20240331,2017,0,0,0,0,8,4,0.0
700166,20240331,2018,0,0,0,0,8,4,0.0
700167,20240331,2019,72,0,1,0,8,4,18.19
700168,20240331,2020,0,0,0,0,6,3,0.0
700169,20240331,2021,0,0,0,0,6,3,0.0
700170,20240331,2022,4,4,0,0,6,3,17.06
700171,20240331,2023,0,0,0,0,6,3,0.0
700172,20240331,2024,0,0,0,0,6,3,15.38
700173,20240331,2025,0,0,0,0,12,6,9.09
700174,20240331,2026,0,0,0,0,12,6,0.0
700175,20240331,2027,188,2,1,0,12,6,12.41
700176,20240331,2028,270,1,1,0,12,6,10.9
700177,20240331,2029,0,0,0,0,12,6,0.0
700178,20240331,2030,0,0,0,0,12,6,0.0
700179,20240331,2031,0,0,0,0,12,6,0.0
700180,20240331,2032,0,0,0,0,12,6,0.0
700181,20240331,2033,0,0,0,0,12,6,0.0
700182,20240331,2034,103,0,2,0,12,6,10.38
700183,20240331,2035,0,0,0,0,12,6,0.0
700184,20240331,2036,11,1,0,1,12,6,8.34
700185,20240331,2037,0,0,0,0,12,6,8.77
700186,20240331,2038,0,0,0,0,12,6,0.0
700187,20240331,2039,48,12,0,0,12,6,12.78
700188,20240331,2040,27,5,1,0,12,6,10.77
700189,20240331,2041,0,0,0,0,12,6,0.0
700190,20240331,2042,0,0,0,0,12,6,0.0
700191,20240331,2043,48,0,1,0,12,6,11.49
700192,20240331,2044,18,0,0,0,12,6,8.9
700193,20240331,2045,0,0,0,0,12,6,0.0
700194,20240331,2046,167,2,4,0,12,6,11.75
700195,20240331,2047,0,0,0,0,12,6,0.0
700196,20240331,2048,16,3,0,2,12,6,10.15
700197,20240331,2049,0,0,0,0,12,6,8.86
700198,20240331,2050,0,0,0,0,12,6,0.0
700199,20240331,2051,66,9,0,0,12,6,12.07
700200,20240331,2052,0,0,0,0,12,6,0.0
700201,20240331,2053,0,0,0,0,12,6,0.0
700202,20240331,2054,0,0,0,0,12,6,0.0
700203,20240331,2055,0,0,0,0,12,6,13.36
700204,20240331,2056,0,0,0,0,12,6,0.0
700205,20240331,2057,1,1,0,0,12,6,9.35
700206,20240331,2058,22,4,0,0,12,6,10.66
700207,20240331,2059,0,0,0,0,12,6,0.0
700208,20240331,2060,10,0,0,1,12,6,9.07
700209,20240331,2061,0,0,0,0,12,6,13.63
700210,20240331,2062,0,0,0,0,12,6,0.0
700211,20240331,2063,125,7,0,0,12,6,18.5
700212,20240331,2064,127,1,2,0,12,6,16.53
700213,20240331,2065,0,0,0,0,6,3,0.0
700214,20240331,2066,0,0,0,0,6,3,0.0
700215,20240331,2067,0,0,0,0,6,3,0.0
700216,20240331,2068,0,0,0,0,6,3,0.0
700217,20240331,2069,0,0,0,0,6,3,0.0
700218,20240331,2070,142,4,3,0,6,3,14.5
700219,20240331,2071,0,0,0,0,6,3,0.0
700220,20240331,2072,2,0,0,1,6,3,13.4
700221,20240331,2073,0,0,0,0,6,3,0.0
700222,20240331,2074,0,0,0,0,6,3,0.0
700223,20240430,2001,12,0,0,0,12,6,10.17
700224,20240430,2002,5,2,0,0,12,6,10.5
700225,20240430,2003,1,1,0,0,12,6,12.98
700226,20240430,2004,8,3,0,0,12,6,11.33
700227,20240430,2005,0,0,0,0,6,3,0.0
700228,20240430,2006,0,0,0,0,6,3,0.0
700229,20240430,2007,8,0,0,0,6,3,11.67
700230,20240430,2008,0,0,0,0,6,3,0.0
700231,20240430,2009,27,1,0,0,6,3,12.08
700232,20240430,2010,3,3,0,0,6,3,15.01
700233,20240430,2011,0,0,0,0,6,3,0.0
700234,20240430,2012,10,0,0,2,6,3,12.36
700235,20240430,2013,0,0,0,0,6,3,0.0
700236,20240430,2014,0,0,0,0,6,3,0.0
700237,20240430,2015,5,5,0,0,12,6,11.52
700238,20240430,2016,288,0,2,0,12,6,13.04
700239,20240430,2017,0,0,0,0,8,4,0.0
700240,20240430,2018,6,5,0,0,8,4,17.94
700241,20240430,2019,72,0,0,0,8,4,18.19
700242,20240430,2020,0,0,0,0,6,3,0.0
700243,20240430,2021,5,2,0,0,6,3,15.77
700244,20240430,2022,4,4,0,0,6,3,17.06
700245,20240430,2023,0,0,0,0,6,3,0.0
700246,20240430,2024,0,0,0,0,6,3,15.38
700247,20240430,2025,0,0,0,0,12,6,9.09
700248,20240430,2026,0,0,0,0,12,6,0.0
700249,20240430,2027,171,1,0,0,12,6,12.41
700250,20240430,2028,261,1,5,0,12,6,10.9
700251,20240430,2029,8,1,0,0,12,6,9.96
700252,20240430,2030,22,0,0,0,12,6,10.55
700253,20240430,2031,0,0,0,0,12,6,0.0
700254,20240430,2032,0,0,0,0,12,6,0.0
700255,20240430,2033,0,0,0,0,12,6,11.23
700256,20240430,2034,99,1,0,0,12,6,10.38
700257,20240430,2035,0,0,0,0,12,6,0.0
700258,20240430,2036,0,0,0,1,12,6,8.34
700259,20240430,2037,0,0,0,0,12,6,8.77
700260,20240430,2038,28,5,2,0,12,6,10.55
700261,20240430,2039,18,2,0,0,12,6,12.75
700262,20240430,2040,2,2,0,0,12,6,10.77
700263,20240430,2041,0,0,0,0,12,6,0.0
700264,20240430,2042,0,0,0,0,12,6,0.0
700265,20240430,2043,48,0,0,0,12,6,11.49
700266,20240430,2044,18,0,1,0,12,6,8.9
700267,20240430,2045,0,0,0,0,12,6,0.0
700268,20240430,2046,157,4,2,0,12,6,11.75
700269,20240430,2047,0,0,0,0,12,6,0.0
700270,20240430,2048,0,0,0,2,12,6,10.15
700271,20240430,2049,0,0,0,0,12,6,8.86
700272,20240430,2050,0,0,0,0,12,6,0.0
700273,20240430,2051,26,5,1,0,12,6,12.07
700274,20240430,2052,0,0,0,0,12,6,0.0
700275,20240430,2053,4,0,0,0,12,6,9.9
700276,20240430,2054,0,0,0,0,12,6,0.0
700277,20240430,2055,0,0,0,0,12,6,13.36
700278,20240430,2056,0,0,0,0,12,6,0.0
700279,20240430,2057,29,5,0,0,12,6,9.63
700280,20240430,2058,0,0,0,0,12,6,10.66
700281,20240430,2059,0,0,0,0,12,6,0.0
700282,20240430,2060,0,0,0,1,12,6,9.07
700283,20240430,2061,0,0,0,0,12,6,13.63
700284,20240430,2062,2,2,0,0,12,6,17.74
700285,20240430,2063,84,2,1,0,12,6,18.5
700286,20240430,2064,82,5,0,0,12,6,16.53
700287,20240430,2065,17,2,0,0,6,3,14.92
700288,20240430,2066,0,0,0,0,6,3,0.0
700289,20240430,2067,0,0,0,0,6,3,0.0
700290,20240430,2068,12,1,0,0,6,3,10.96
700291,20240430,2069,17,1,0,0,6,3,13.54
700292,20240430,2070,111,3,0,0,6,3,14.5
700293,20240430,2071,0,0,0,0,6,3,0.0
700294,20240430,2072,0,0,0,1,6,3,13.4
700295,20240430,2073,0,0,0,0,6,3,0.0
700296,20240430,2074,0,0,0,0,6,3,0.0
700297,20240531,2001,12,0,0,0,12,6,10.17
700298,20240531,2002,0,0,0,0,12,6,10.5
700299,20240531,2003,1,1,0,0,12,6,12.98
700300,20240531,2004,2,2,0,0,12,6,11.33
700301,20240531,2005,0,0,0,0,6,3,0.0
700302,20240531,2006,0,0,0,0,6,3,0.0
700303,20240531,2007,24,0,0,0,6,3,11.93
700304,20240531,2008,12,3,0,0,6,3,13.64
700305,20240531,2009,0,0,0,0,6,3,12.08
700306,20240531,2010,3,3,0,0,6,3,15.01
700307,20240531,2011,0,0,0,0,6,3,0.0
700308,20240531,2012,0,0,0,2,6,3,12.36
700309,20240531,2013,0,0,0,0,6,3,0.0
700310,20240531,2014,36,3,0,0,6,3,14.16
700311,20240531,2015,29,10,0,6,12,6,12.44
700312,20240531,2016,288,0,0,0,12,6,13.04
700313,20240531,2017,0,0,0,0,8,4,0.0
700314,20240531,2018,0,0,0,0,8,4,17.94
700315,20240531,2019,96,0,0,0,8,4,18.03
700316,20240531,2020,0,0,0,0,6,3,0.0
700317,20240531,2021,0,0,0,0,6,3,15.77
700318,20240531,2022,4,4,0,0,6,3,17.06
700319,20240531,2023,0,0,0,0,6,3,0.0
700320,20240531,2024,0,0,0,0,6,3,15.38
700321,20240531,2025,0,0,0,0,12,6,9.09
700322,20240531,2026,12,6,0,0,12,6,10.86
700323,20240531,2027,227,2,2,3,12,6,12.38
700324,20240531,2028,242,3,0,0,12,6,10.9
700325,20240531,2029,0,0,0,0,12,6,9.96
700326,20240531,2030,0,0,0,0,12,6,10.55
700327,20240531,2031,0,0,0,0,12,6,0.0
700328,20240531,2032,0,0,0,0,12,6,0.0
700329,20240531,2033,0,0,0,0,12,6,11.23
700330,20240531,2034,75,1,0,0,12,6,10.38
700331,20240531,2035,0,0,0,0,12,6,0.0
700332,20240531,2036,0,0,0,1,12,6,8.34
700333,20240531,2037,0,0,0,0,12,6,8.77
700334,20240531,2038,0,0,0,0,12,6,9.87
700335,20240531,2039,18,1,0,4,12,6,12.68
700336,20240531,2040,2,2,0,0,12,6,10.77
700337,20240531,2041,0,0,0,0,12,6,0.0
700338,20240531,2042,0,0,0,0,12,6,0.0
700339,20240531,2043,144,0,1,0,12,6,11.94
700340,20240531,2044,36,0,0,0,12,6,8.92
700341,20240531,2045,0,0,0,0,12,6,0.0
700342,20240531,2046,133,3,0,0,12,6,11.75
700343,20240531,2047,0,0,0,0,12,6,0.0
700344,20240531,2048,0,0,0,2,12,6,10.15
700345,20240531,2049,0,0,0,0,12,6,8.86
700346,20240531,2050,0,0,0,0,12,6,0.0
700347,20240531,2051,34,4,0,3,12,6,12.43
700348,20240531,2052,0,0,0,0,12,6,0.0
700349,20240531,2053,0,0,0,0,12,6,9.9
700350,20240531,2054,0,0,0,0,12,6,0.0
700351,20240531,2055,0,0,0,0,12,6,13.36
700352,20240531,2056,0,0,0,0,12,6,0.0
700353,20240531,2057,13,2,0,0,12,6,9.62
700354,20240531,2058,0,0,0,0,12,6,10.66
700355,20240531,2059,0,0,0,0,12,6,0.0
700356,20240531,2060,0,0,0,1,12,6,9.39
700357,20240531,2061,0,0,0,0,12,6,13.63
700358,20240531,2062,0,0,0,0,12,6,17.74
700359,20240531,2063,90,5,1,5,12,6,17.45
700360,20240531,2064,21,2,0,0,12,6,16.53
700361,20240531,2065,0,0,0,0,6,3,14.92
700362,20240531,2066,0,0,0,0,6,3,0.0
700363,20240531,2067,51,3,0,0,6,3,16.92
700364,20240531,2068,9,3,0,0,6,3,12.4
700365,20240531,2069,0,0,0,0,6,3,13.54
700366,20240531,2070,52,4,0,0,6,3,14.46
700367,20240531,2071,0,0,0,0,6,3,0.0
700368,20240531,2072,0,0,0,1,6,3,13.4
700369,20240531,2073,0,0,0,0,6,3,0.0
700370,20240531,2074,0,0,0,0,6,3,0.0
700371,20240630,2001,12,0,0,0,12,6,10.17
700372,20240630,2002,0,0,0,0,12,6,10.5
700373,20240630,2003,1,1,0,0,12,6,12.98
700374,20240630,2004,2,2,0,0,12,6,11.33
700375,20240630,2005,5,4,0,0,6,3,14.32
700376,20240630,2006,0,0,0,0,6,3,0.0
700377,20240630,2007,8,4,0,0,6,3,11.93
700378,20240630,2008,12,1,0,0,6,3,13.08
700379,20240630,2009,0,0,0,0,6,3,12.08
700380,20240630,2010,3,3,0,0,6,3,15.01
700381,20240630,2011,0,0,0,0,6,3,0.0
700382,20240630,2012,10,1,0,2,6,3,12.27
700383,20240630,2013,0,0,0,0,6,3,0.0
700384,20240630,2014,6,6,0,0,6,3,14.16
700385,20240630,2015,6,6,0,6,12,6,11.7
700386,20240630,2016,288,0,2,0,12,6,13.04
700387,20240630,2017,0,0,0,0,8,4,0.0
700388,20240630,2018,0,0,0,0,8,4,19.48
700389,20240630,2019,96,0,1,0,8,4,18.03
700390,20240630,2020,0,0,0,0,6,3,12.87
700391,20240630,2021,0,0,0,0,6,3,15.77
700392,20240630,2022,4,4,0,0,6,3,17.06
700393,20240630,2023,0,0,0,0,6,3,0.0
700394,20240630,2024,12,6,0,0,6,3,16.11
700395,20240630,2025,0,0,0,0,12,6,9.09
700396,20240630,2026,0,0,0,0,12,6,10.86
700397,20240630,2027,212,2,1,3,12,6,12.38
700398,20240630,2028,228,0,1,0,12,6,10.9
700399,20240630,2029,17,8,0,0,12,6,9.71
700400,20240630,2030,0,0,0,0,12,6,10.55
700401,20240630,2031,0,0,0,0,12,6,0.0
700402,20240630,2032,6,1,0,0,12,6,9.97
700403,20240630,2033,0,0,0,0,12,6,11.23
700404,20240630,2034,62,0,1,0,12,6,10.38
700405,20240630,2035,0,0,0,0,12,6,0.0
700406,20240630,2036,0,0,0,1,12,6,9.2
700407,20240630,2037,0,0,0,0,12,6,8.77
700408,20240630,2038,0,0,0,0,12,6,9.87
700409,20240630,2039,1,1,0,4,12,6,11.88
700410,20240630,2040,2,2,0,0,12,6,10.77
700411,20240630,2041,12,12,0,0,12,6,9.2
700412,20240630,2042,0,0,0,0,12,6,0.0
700413,20240630,2043,144,0,1,0,12,6,11.94
700414,20240630,2044,36,0,0,0,12,6,8.92
700415,20240630,2045,0,0,0,0,12,6,0.0
700416,20240630,2046,118,5,0,0,12,6,11.74
700417,20240630,2047,0,0,0,0,12,6,0.0
700418,20240630,2048,0,0,0,2,12,6,10.15
700419,20240630,2049,0,0,0,0,12,6,8.86
700420,20240630,2050,0,0,0,0,12,6,0.0
700421,20240630,2051,3,3,0,3,12,6,12.22
700422,20240630,2052,0,0,0,0,12,6,0.0
700423,20240630,2053,6,2,0,0,12,6,10.39
700424,20240630,2054,31,12,0,0,12,6,9.31
700425,20240630,2055,0,0,0,0,12,6,13.36
700426,20240630,2056,5,5,0,0,12,6,9.2
700427,20240630,2057,1,1,0,0,12,6,9.35
700428,20240630,2058,0,0,0,0,12,6,10.66
700429,20240630,2059,0,0,0,0,12,6,0.0
700430,20240630,2060,0,0,0,1,12,6,9.39
700431,20240630,2061,0,0,0,0,12,6,13.63
700432,20240630,2062,0,0,0,0,12,6,17.74
700433,20240630,2063,41,8,0,5,12,6,17.44
700434,20240630,2064,1,1,0,0,12,6,16.53
700435,20240630,2065,7,3,0,0,6,3,14.66
700436,20240630,2066,0,0,0,0,6,3,12.21
700437,20240630,2067,0,0,0,0,6,3,16.92
700438,20240630,2068,14,0,0,0,6,3,12.2
700439,20240630,2069,0,0,0,0,6,3,13.54
700440,20240630,2070,2,2,0,0,6,3,12.73
700441,20240630,2071,0,0,0,0,6,3,0.0
700442,20240630,2072,0,0,0,1,6,3,11.88
700443,20240630,2073,0,0,0,0,6,3,0.0
700444,20240630,2074,0,0,0,0,6,3,0.0
700445,20240731,2001,12,0,0,0,12,6,10.17
700446,20240731,2002,4,4,0,0,12,6,10.84
700447,20240731,2003,1,1,0,0,12,6,12.98
700448,20240731,2004,2,2,0,0,12,6,11.33
700449,20240731,2005,7,2,0,0,6,3,14.09
700450,20240731,2006,0,0,0,0,6,3,0.0
700451,20240731,2007,0,0,0,0,6,3,11.93
700452,20240731,2008,0,0,0,0,6,3,16.36
700453,20240731,2009,0,0,0,0,6,3,12.08
700454,20240731,2010,3,3,0,0,6,3,15.01
700455,20240731,2011,0,0,0,0,6,3,0.0
700456,20240731,2012,45,0,0,2,6,3,12.83
700457,20240731,2013,0,0,0,0,6,3,0.0
700458,20240731,2014,1,1,0,0,6,3,14.16
700459,20240731,2015,28,9,0,6,12,6,10.87
700460,20240731,2016,288,0,1,0,12,6,13.04
700461,20240731,2017,24,0,1,0,8,4,17.85
700462,20240731,2018,0,0,0,0,8,4,19.48
700463,20240731,2019,96,0,1,0,8,4,18.03
700464,20240731,2020,0,0,0,0,6,3,15.84
700465,20240731,2021,0,0,0,0,6,3,15.77
700466,20240731,2022,4,4,0,0,6,3,17.06
700467,20240731,2023,0,0,0,0,6,3,0.0
700468,20240731,2024,44,3,2,0,6,3,16.12
700469,20240731,2025,0,0,0,0,12,6,9.09
700470,20240731,2026,40,2,0,0,12,6,10.51
700471,20240731,2027,192,6,3,3,12,6,12.38
700472,20240731,2028,211,1,4,0,12,6,10.9
700473,20240731,2029,2,2,0,0,12,6,9.93
700474,20240731,2030,0,0,0,0,12,6,10.55
700475,20240731,2031,0,0,0,0,12,6,0.0
700476,20240731,2032,0,0,0,0,12,6,8.04
700477,20240731,2033,0,0,0,0,12,6,11.23
700478,20240731,2034,34,1,0,0,12,6,10.38
700479,20240731,2035,0,0,0,0,12,6,0.0
700480,20240731,2036,8,2,0,1,12,6,10.01
700481,20240731,2037,0,0,0,0,12,6,8.77
700482,20240731,2038,1,1,0,0,12,6,10.98
700483,20240731,2039,1,1,0,4,12,6,11.88
700484,20240731,2040,2,2,0,0,12,6,10.77
700485,20240731,2041,0,0,0,0,12,6,9.2
700486,20240731,2042,0,0,0,0,12,6,0.0
700487,20240731,2043,144,0,0,0,12,6,11.94
700488,20240731,2044,36,0,2,0,12,6,8.92
700489,20240731,2045,0,0,0,0,12,6,0.0
700490,20240731,2046,94,6,0,0,12,6,11.74
700491,20240731,2047,0,0,0,0,12,6,0.0
700492,20240731,2048,6,6,0,2,12,6,8.33
700493,20240731,2049,0,0,0,0,12,6,8.86
700494,20240731,2050,0,0,0,0,12,6,10.61
700495,20240731,2051,3,3,0,3,12,6,12.22
700496,20240731,2052,0,0,0,0,12,6,0.0
700497,20240731,2053,3,3,0,0,12,6,10.2
700498,20240731,2054,0,0,0,0,12,6,9.31
700499,20240731,2055,0,0,0,0,12,6,13.36
700500,20240731,2056,6,2,0,0,12,6,9.2
700501,20240731,2057,1,1,0,0,12,6,9.35
700502,20240731,2058,0,0,0,0,12,6,10.66
700503,20240731,2059,0,0,0,0,12,6,0.0
700504,20240731,2060,7,3,1,1,12,6,9.98
700505,20240731,2061,0,0,0,0,12,6,13.63
700506,20240731,2062,5,5,0,0,12,6,15.7
700507,20240731,2063,2,2,0,5,12,6,17.34
700508,20240731,2064,1,1,0,0,12,6,16.53
700509,20240731,2065,0,0,0,0,6,3,11.12
700510,20240731,2066,0,0,0,0,6,3,12.21
700511,20240731,2067,0,0,0,0,6,3,16.92
700512,20240731,2068,2,1,0,0,6,3,12.17
700513,20240731,2069,0,0,0,0,6,3,13.54
700514,20240731,2070,2,2,0,0,6,3,12.73
700515,20240731,2071,0,0,0,0,6,3,0.0
700516,20240731,2072,0,0,0,1,6,3,11.88
700517,20240731,2073,0,0,0,0,6,3,0.0
700518,20240731,2074,0,0,0,0,6,3,0.0
700519,20240831,2001,12,0,1,0,12,6,10.17
700520,20240831,2002,2,2,0,0,12,6,11.37
700521,20240831,2003,81,7,1,0,12,6,13.23
700522,20240831,2004,2,2,0,0,12,6,11.33
700523,20240831,2005,0,0,0,0,6,3,14.09
700524,20240831,2006,25,4,0,0,6,3,10.84
700525,20240831,2007,96,0,2,0,6,3,13.42
700526,20240831,2008,0,0,0,0,6,3,16.36
700527,20240831,2009,0,0,0,0,6,3,10.6
700528,20240831,2010,3,3,0,0,6,3,15.01
700529,20240831,2011,6,6,0,0,6,3,13.53
700530,20240831,2012,29,2,0,2,6,3,12.83
700531,20240831,2013,0,0,0,0,6,3,0.0
700532,20240831,2014,1,1,0,0,6,3,14.16
700533,20240831,2015,244,12,2,6,12,6,12.13
700534,20240831,2016,288,0,2,0,12,6,13.04
700535,20240831,2017,24,0,0,0,8,4,17.85
700536,20240831,2018,0,0,0,0,8,4,19.05
700537,20240831,2019,96,0,0,0,8,4,18.03
700538,20240831,2020,0,0,0,0,6,3,15.84
700539,20240831,2021,17,2,0,0,6,3,15.63
700540,20240831,2022,4,4,0,0,6,3,17.06
700541,20240831,2023,53,2,0,0,6,3,18.07
700542,20240831,2024,25,3,1,0,6,3,16.11
700543,20240831,2025,0,0,0,0,12,6,9.09
700544,20240831,2026,1,1,0,0,12,6,10.51
700545,20240831,2027,355,2,4,3,12,6,12.08
700546,20240831,2028,190,0,5,0,12,6,10.9
700547,20240831,2029,2,2,0,0,12,6,9.93
700548,20240831,2030,27,0,0,0,12,6,10.04
700549,20240831,2031,0,0,0,0,12,6,0.0
700550,20240831,2032,0,0,0,0,12,6,8.04
700551,20240831,2033,0,0,0,0,12,6,11.23
700552,20240831,2034,17,1,0,0,12,6,10.38
700553,20240831,2035,0,0,0,0,12,6,0.0
700554,20240831,2036,0,0,0,1,12,6,10.01
700555,20240831,2037,0,0,0,0,12,6,8.77
700556,20240831,2038,1,1,0,0,12,6,10.98
700557,20240831,2039,91,2,1,4,12,6,12.82
700558,20240831,2040,2,2,0,0,12,6,10.77
700559,20240831,2041,0,0,0,0,12,6,9.2
700560,20240831,2042,25,7,0,0,12,6,11.04
700561,20240831,2043,144,0,0,0,12,6,11.94
700562,20240831,2044,36,0,0,0,12,6,8.92
700563,20240831,2045,4,4,0,0,12,6,9.52
700564,20240831,2046,73,2,0,0,12,6,11.73
700565,20240831,2047,18,0,0,0,12,6,12.55
700566,20240831,2048,0,0,0,2,12,6,8.33
700567,20240831,2049,0,0,0,0,12,6,8.86
700568,20240831,2050,0,0,0,0,12,6,10.61
700569,20240831,2051,149,6,1,3,12,6,12.06
700570,20240831,2052,0,0,0,0,12,6,0.0
700571,20240831,2053,3,3,0,0,12,6,10.2
700572,20240831,2054,0,0,0,0,12,6,9.31
700573,20240831,2055,0,0,0,0,12,6,13.36
700574,20240831,2056,0,0,0,0,12,6,9.2
700575,20240831,2057,6,1,0,0,12,6,10.28
700576,20240831,2058,0,0,0,0,12,6,10.66
700577,20240831,2059,22,1,2,0,12,6,11.97
700578,20240831,2060,0,0,0,1,12,6,9.98
700579,20240831,2061,0,0,0,0,12,6,13.63
700580,20240831,2062,0,0,0,0,12,6,15.7
700581,20240831,2063,258,3,1,5,12,6,17.0
700582,20240831,2064,1,1,0,0,12,6,16.53
700583,20240831,2065,0,0,0,0,6,3,11.12
700584,20240831,2066,1,0,0,0,6,3,12.6
700585,20240831,2067,0,0,0,0,6,3,16.92
700586,20240831,2068,0,0,0,0,6,3,12.13
700587,20240831,2069,13,3,0,0,6,3,15.62
700588,20240831,2070,2,2,0,0,6,3,12.73
700589,20240831,2071,0,0,0,0,6,3,0.0
700590,20240831,2072,0,0,0,1,6,3,11.88
700591,20240831,2073,0,0,0,0,6,3,0.0
700592,20240831,2074,0,0,0,0,6,3,0.0
700593,20240930,2001,12,0,2,0,12,6,10.17
700594,20240930,2002,4,4,0,0,12,6,9.91
700595,20240930,2003,49,6,0,0,12,6,13.41
700596,20240930,2004,2,2,0,0,12,6,11.33
700597,20240930,2005,0,0,0,0,6,3,14.09
700598,20240930,2006,0,0,0,0,6,3,10.84
700599,20240930,2007,89,0,1,0,6,3,13.42
700600,20240930,2008,0,0,0,0,6,3,16.36
700601,20240930,2009,0,0,0,0,6,3,10.6
700602,20240930,2010,3,3,0,0,6,3,15.01
700603,20240930,2011,1,1,0,0,6,3,13.53
700604,20240930,2012,15,1,0,2,6,3,12.82
700605,20240930,2013,0,0,0,0,6,3,0.0
700606,20240930,2014,1,1,0,0,6,3,14.16
700607,20240930,2015,201,9,1,6,12,6,12.13
700608,20240930,2016,288,0,2,0,12,6,13.04
700609,20240930,2017,24,0,0,0,8,4,17.85
700610,20240930,2018,0,0,0,0,8,4,19.05
700611,20240930,2019,192,0,4,0,8,4,18.27
700612,20240930,2020,0,0,0,0,6,3,15.84
700613,20240930,2021,0,0,0,0,6,3,15.63
700614,20240930,2022,4,4,0,0,6,3,17.06
700615,20240930,2023,32,4,1,0,6,3,16.02
700616,20240930,2024,16,6,0,0,6,3,16.11
700617,20240930,2025,0,0,0,0,12,6,9.09
700618,20240930,2026,18,2,0,0,12,6,9.86
700619,20240930,2027,346,2,2,3,12,6,12.08
700620,20240930,2028,174,2,0,0,12,6,10.9
700621,20240930,2029,2,2,0,0,12,6,9.93
700622,20240930,2030,18,0,0,0,12,6,10.04
700623,20240930,2031,0,0,0,0,12,6,0.0
700624,20240930,2032,0,0,0,0,12,6,8.04
700625,20240930,2033,23,1,0,0,12,6,11.16
700626,20240930,2034,8,1,0,0,12,6,10.38
700627,20240930,2035,0,0,0,0,12,6,0.0
700628,20240930,2036,0,0,0,1,12,6,10.01
700629,20240930,2037,0,0,0,0,12,6,8.77
700630,20240930,2038,24,3,0,0,12,6,10.27
700631,20240930,2039,53,3,0,4,12,6,12.81
700632,20240930,2040,2,2,0,0,12,6,10.77
700633,20240930,2041,0,0,0,0,12,6,9.2
700634,20240930,2042,0,0,0,0,12,6,11.04
700635,20240930,2043,144,0,0,0,12,6,11.94
700636,20240930,2044,36,0,0,0,12,6,8.92
700637,20240930,2045,0,0,0,0,12,6,9.52
700638,20240930,2046,65,2,0,0,12,6,11.72
700639,20240930,2047,0,0,0,0,12,6,12.55
700640,20240930,2048,0,0,0,2,12,6,8.33
700641,20240930,2049,0,0,0,0,12,6,8.86
700642,20240930,2050,26,3,0,0,12,6,10.17
700643,20240930,2051,112,5,0,3,12,6,12.06
700644,20240930,2052,0,0,0,0,12,6,0.0
700645,20240930,2053,3,3,0,0,12,6,10.2
700646,20240930,2054,0,0,0,0,12,6,9.31
700647,20240930,2055,25,0,0,0,12,6,12.52
700648,20240930,2056,0,0,0,0,12,6,9.2
700649,20240930,2057,1,1,0,0,12,6,9.35
700650,20240930,2058,0,0,0,0,12,6,10.66
700651,20240930,2059,0,0,0,0,12,6,11.97
700652,20240930,2060,0,0,0,1,12,6,9.98
700653,20240930,2061,0,0,0,0,12,6,13.63
700654,20240930,2062,38,0,0,0,12,6,17.16
700655,20240930,2063,216,3,1,5,12,6,17.0
700656,20240930,2064,1,1,0,0,12,6,16.53
700657,20240930,2065,0,0,0,0,6,3,11.12
700658,20240930,2066,0,0,0,0,6,3,12.6
700659,20240930,2067,29,5,0,0,6,3,15.65
700660,20240930,2068,0,0,0,0,6,3,12.13
700661,20240930,2069,0,0,0,0,6,3,15.62
700662,20240930,2070,2,2,0,0,6,3,12.73
700663,20240930,2071,36,0,0,0,6,3,13.98
700664,20240930,2072,0,0,0,1,6,3,11.88
700665,20240930,2073,0,0,0,0,6,3,0.0
700666,20240930,2074,22,2,0,0,6,3,18.27
700667,20241031,2001,12,0,0,0,12,6,10.17
700668,20241031,2002,4,4,0,0,12,6,9.91
700669,20241031,2003,5,5,0,0,12,6,13.25
700670,20241031,2004,11,10,0,0,12,6,12.47
700671,20241031,2005,1,1,0,0,6,3,14.41
700672,20241031,2006,0,0,0,0,6,3,10.84
700673,20241031,2007,70,0,0,0,6,3,13.42
700674,20241031,2008,0,0,0,0,6,3,16.36
700675,20241031,2009,0,0,0,0,6,3,10.6
700676,20241031,2010,3,3,0,0,6,3,15.01
700677,20241031,2011,1,1,0,0,6,3,13.53
700678,20241031,2012,0,0,0,2,6,3,13.35
700679,20241031,2013,0,0,0,0,6,3,0.0
700680,20241031,2014,1,1,0,0,6,3,14.16
700681,20241031,2015,157,14,1,6,12,6,12.13
700682,20241031,2016,432,0,3,0,12,6,12.27
700683,20241031,2017,30,0,0,0,8,4,17.71
700684,20241031,2018,0,0,0,0,8,4,19.05
700685,20241031,2019,264,0,3,0,8,4,18.66
700686,20241031,2020,0,0,0,0,6,3,17.63
700687,20241031,2021,0,0,0,0,6,3,15.63
700688,20241031,2022,4,4,0,0,6,3,17.06
700689,20241031,2023,1,1,0,0,6,3,15.93
700690,20241031,2024,3,3,0,0,6,3,16.07
700691,20241031,2025,0,0,0,0,12,6,9.09
700692,20241031,2026,1,1,0,0,12,6,10.51
700693,20241031,2027,326,6,2,3,12,6,12.08
700694,20241031,2028,251,4,1,0,12,6,11.45
700695,20241031,2029,3,3,0,0,12,6,9.38
700696,20241031,2030,0,0,0,0,12,6,10.04
700697,20241031,2031,0,0,0,0,12,6,0.0
700698,20241031,2032,0,0,0,0,12,6,8.04
700699,20241031,2033,0,0,0,0,12,6,11.16
700700,20241031,2034,241,2,4,0,12,6,10.99
700701,20241031,2035,0,0,0,0,12,6,0.0
700702,20241031,2036,0,0,0,1,12,6,10.01
700703,20241031,2037,0,0,0,0,12,6,8.77
700704,20241031,2038,2,2,0,0,12,6,10.61
700705,20241031,2039,11,6,0,4,12,6,12.74
700706,20241031,2040,452,14,2,0,12,6,11.6
700707,20241031,2041,0,0,0,0,12,6,10.15
700708,20241031,2042,0,0,0,0,12,6,11.04
700709,20241031,2043,144,0,0,0,12,6,11.94
700710,20241031,2044,36,0,2,0,12,6,8.92
700711,20241031,2045,0,0,0,0,12,6,9.52
700712,20241031,2046,54,3,1,0,12,6,11.71
700713,20241031,2047,0,0,0,0,12,6,12.55
700714,20241031,2048,0,0,0,2,12,6,8.33
700715,20241031,2049,0,0,0,0,12,6,8.86
700716,20241031,2050,0,0,0,0,12,6,9.96
700717,20241031,2051,5,5,0,3,12,6,12.07
700718,20241031,2052,181,5,2,0,12,6,12.1
700719,20241031,2053,3,3,0,0,12,6,10.2
700720,20241031,2054,0,0,0,0,12,6,9.31
700721,20241031,2055,0,0,0,0,12,6,12.52
700722,20241031,2056,0,0,0,0,12,6,9.2
700723,20241031,2057,1,1,0,0,12,6,9.35
700724,20241031,2058,0,0,0,0,12,6,10.66
700725,20241031,2059,0,0,0,0,12,6,11.97
700726,20241031,2060,0,0,0,1,12,6,9.98
700727,20241031,2061,0,0,0,0,12,6,13.63
700728,20241031,2062,0,0,0,0,12,6,17.16
700729,20241031,2063,163,9,2,5,12,6,17.0
700730,20241031,2064,152,11,3,0,12,6,17.97
700731,20241031,2065,0,0,0,0,6,3,11.12
700732,20241031,2066,0,0,0,0,6,3,12.6
700733,20241031,2067,0,0,0,0,6,3,15.65
700734,20241031,2068,0,0,0,0,6,3,12.13
700735,20241031,2069,0,0,0,0,6,3,15.62
700736,20241031,2070,62,4,1,0,6,3,16.1
700737,20241031,2071,20,2,0,0,6,3,13.98
700738,20241031,2072,0,0,0,1,6,3,11.88
700739,20241031,2073,0,0,0,0,6,3,0.0
700740,20241031,2074,0,0,0,0,6,3,18.27
700741,20241130,2001,12,0,0,0,12,6,10.17
700742,20241130,2002,4,4,0,0,12,6,9.91
700743,20241130,2003,5,5,0,0,12,6,13.25
700744,20241130,2004,3,3,0,0,12,6,11.79
700745,20241130,2005,1,1,0,0,6,3,14.41
700746,20241130,2006,0,0,0,0,6,3,10.84
700747,20241130,2007,108,6,1,0,6,3,14.01
700748,20241130,2008,11,0,0,0,6,3,16.4
700749,20241130,2009,0,0,0,0,6,3,12.71
700750,20241130,2010,3,3,0,0,6,3,15.01
700751,20241130,2011,3,3,0,0,6,3,14.0
700752,20241130,2012,21,1,0,2,6,3,13.01
700753,20241130,2013,0,0,0,0,6,3,0.0
700754,20241130,2014,1,1,0,0,6,3,14.16
700755,20241130,2015,89,9,0,6,12,6,12.11
700756,20241130,2016,432,0,3,0,12,6,12.27
700757,20241130,2017,30,0,1,0,8,4,17.71
700758,20241130,2018,0,0,0,0,8,4,19.05
700759,20241130,2019,306,0,3,6,8,4,18.74
700760,20241130,2020,12,11,0,0,6,3,17.24
700761,20241130,2021,3,1,0,0,6,3,16.35
700762,20241130,2022,4,4,0,0,6,3,17.06
700763,20241130,2023,21,3,0,0,6,3,17.58
700764,20241130,2024,34,5,0,0,6,3,15.85
700765,20241130,2025,0,0,0,0,12,6,9.09
700766,20241130,2026,1,1,0,0,12,6,10.51
700767,20241130,2027,294,3,1,3,12,6,12.08
700768,20241130,2028,233,3,2,0,12,6,11.45
700769,20241130,2029,3,3,0,0,12,6,9.38
700770,20241130,2030,0,0,0,0,12,6,10.04
700771,20241130,2031,35,2,1,2,12,6,11.76
700772,20241130,2032,6,2,0,0,12,6,8.36
700773,20241130,2033,0,0,0,0,12,6,11.16
700774,20241130,2034,219,2,0,0,12,6,10.99
700775,20241130,2035,0,0,0,0,12,6,0.0
700776,20241130,2036,0,0,0,1,12,6,10.01
700777,20241130,2037,0,0,0,0,12,6,8.77
700778,20241130,2038,2,2,0,0,12,6,10.61
700779,20241130,2039,1,1,0,4,12,6,11.88
700780,20241130,2040,385,8,1,0,12,6,11.6
700781,20241130,2041,0,0,0,0,12,6,10.15
700782,20241130,2042,0,0,0,0,12,6,11.04
700783,20241130,2043,167,0,2,1,12,6,11.82
700784,20241130,2044,42,0,0,0,12,6,9.03
700785,20241130,2045,22,6,1,0,12,6,9.97
700786,20241130,2046,25,7,1,0,12,6,11.64
700787,20241130,2047,40,3,0,0,12,6,12.29
700788,20241130,2048,4,4,0,2,12,6,9.08
700789,20241130,2049,0,0,0,0,12,6,8.86
700790,20241130,2050,0,0,0,0,12,6,9.96
700791,20241130,2051,3,3,0,3,12,6,12.07
700792,20241130,2052,163,5,2,0,12,6,12.1
700793,20241130,2053,3,3,0,0,12,6,10.2
700794,20241130,2054,0,0,0,0,12,6,9.31
700795,20241130,2055,19,5,0,1,12,6,11.44
700796,20241130,2056,12,0,0,0,12,6,8.32
700797,20241130,2057,47,2,0,0,12,6,8.79
700798,20241130,2058,0,0,0,0,12,6,10.66
700799,20241130,2059,0,0,0,0,12,6,11.97
700800,20241130,2060,0,0,0,1,12,6,8.45
700801,20241130,2061,0,0,0,0,12,6,13.63
700802,20241130,2062,0,0,0,0,12,6,17.16
700803,20241130,2063,107,7,1,5,12,6,17.0
700804,20241130,2064,81,11,0,0,12,6,17.96
700805,20241130,2065,0,0,0,0,6,3,11.12
700806,20241130,2066,0,0,0,0,6,3,12.6
700807,20241130,2067,0,0,0,3,6,3,17.58
700808,20241130,2068,18,3,1,0,6,3,11.04
700809,20241130,2069,0,0,0,0,6,3,15.62
700810,20241130,2070,17,6,0,0,6,3,15.8
700811,20241130,2071,0,0,0,0,6,3,13.98
700812,20241130,2072,5,1,0,1,6,3,13.35
700813,20241130,2073,0,0,0,0,6,3,0.0
700814,20241130,2074,0,0,0,0,6,3,18.27
700815,20241231,2001,12,0,1,0,12,6,10.17
700816,20241231,2002,4,4,0,0,12,6,9.91
700817,20241231,2003,5,5,0,0,12,6,13.25
700818,20241231,2004,3,3,0,0,12,6,11.79
700819,20241231,2005,1,1,0,0,6,3,14.41
700820,20241231,2006,0,0,0,0,6,3,10.84
700821,20241231,2007,57,6,0,0,6,3,13.99
700822,20241231,2008,0,0,0,0,6,3,16.39
700823,20241231,2009,0,0,0,0,6,3,12.71
700824,20241231,2010,3,3,0,0,6,3,15.01
700825,20241231,2011,3,3,0,0,6,3,14.0
700826,20241231,2012,0,0,0,2,6,3,13.01
700827,20241231,2013,0,0,0,0,6,3,0.0
700828,20241231,2014,1,1,0,0,6,3,14.16
700829,20241231,2015,10,10,0,6,12,6,11.91
700830,20241231,2016,432,0,3,0,12,6,12.27
700831,20241231,2017,36,0,1,0,8,4,17.42
700832,20241231,2018,0,0,0,0,8,4,19.05
700833,20241231,2019,306,0,3,6,8,4,18.74
700834,20241231,2020,0,0,0,0,6,3,17.24
700835,20241231,2021,0,0,0,0,6,3,16.35
700836,20241231,2022,4,4,0,0,6,3,17.06
700837,20241231,2023,1,1,0,0,6,3,15.93
700838,20241231,2024,9,5,0,0,6,3,15.64
700839,20241231,2025,0,0,0,0,12,6,9.09
700840,20241231,2026,1,1,0,0,12,6,10.51
700841,20241231,2027,270,4,2,3,12,6,12.08
700842,20241231,2028,203,6,1,0,12,6,11.45
700843,20241231,2029,3,3,0,0,12,6,9.38
700844,20241231,2030,0,0,0,0,12,6,10.04
700845,20241231,2031,20,7,0,2,12,6,11.76
700846,20241231,2032,0,0,0,0,12,6,8.36
700847,20241231,2033,0,0,0,0,12,6,11.16
700848,20241231,2034,198,2,2,0,12,6,10.99
700849,20241231,2035,109,9,0,3,12,6,11.31
700850,20241231,2036,0,0,0,1,12,6,10.01
700851,20241231,2037,0,0,0,0,12,6,8.77
700852,20241231,2038,2,2,0,0,12,6,10.61
700853,20241231,2039,1,1,0,4,12,6,11.88
700854,20241231,2040,303,10,5,0,12,6,11.6
700855,20241231,2041,0,0,0,0,12,6,10.49
700856,20241231,2042,0,0,0,0,12,6,11.04
700857,20241231,2043,167,0,2,1,12,6,11.82
700858,20241231,2044,42,0,0,0,12,6,9.03
700859,20241231,2045,0,0,0,0,12,6,9.97
700860,20241231,2046,5,5,0,0,12,6,11.13
700861,20241231,2047,66,12,0,1,12,6,12.01
700862,20241231,2048,0,0,0,2,12,6,9.08
700863,20241231,2049,0,0,0,0,12,6,8.86
700864,20241231,2050,0,0,0,0,12,6,9.96
700865,20241231,2051,5,5,0,3,12,6,12.04
700866,20241231,2052,135,4,2,0,12,6,12.1
700867,20241231,2053,3,3,0,0,12,6,10.2
700868,20241231,2054,0,0,0,0,12,6,9.31
700869,20241231,2055,3,3,0,1,12,6,11.44
700870,20241231,2056,0,0,0,0,12,6,8.32
700871,20241231,2057,25,2,0,0,12,6,8.8
700872,20241231,2058,0,0,0,0,12,6,10.66
700873,20241231,2059,21,13,0,4,12,6,13.13
700874,20241231,2060,0,0,0,1,12,6,8.45
700875,20241231,2061,0,0,0,0,12,6,13.63
700876,20241231,2062,0,0,0,0,12,6,17.16
700877,20241231,2063,105,11,1,5,12,6,18.11
700878,20241231,2064,2,2,0,0,12,6,17.36
700879,20241231,2065,0,0,0,0,6,3,14.24
700880,20241231,2066,0,0,0,0,6,3,12.6
700881,20241231,2067,0,0,0,3,6,3,17.58
700882,20241231,2068,0,0,0,0,6,3,11.04
700883,20241231,2069,0,0,0,0,6,3,15.62
700884,20241231,2070,4,4,0,0,6,3,14.47
700885,20241231,2071,72,4,0,3,6,3,15.31
700886,20241231,2072,0,0,0,1,6,3,12.65
700887,20241231,2073,0,0,0,0,6,3,0.0
700888,20241231,2074,0,0,0,0,6,3,18.27
700889,20250131,2001,24,7,0,0,12,6,8.94
700890,20250131,2002,4,4,0,0,12,6,9.91
700891,20250131,2003,53,6,0,0,12,6,11.28
700892,20250131,2004,183,10,0,0,12,6,11.89
700893,20250131,2005,1,1,0,0,6,3,14.41
700894,20250131,2006,63,1,0,0,6,3,11.06
700895,20250131,2007,117,6,3,0,6,3,13.6
700896,20250131,2008,0,0,0,0,6,3,16.39
700897,20250131,2009,0,0,0,0,6,3,12.71
700898,20250131,2010,57,6,0,0,6,3,12.16
700899,20250131,2011,3,3,0,0,6,3,14.0
700900,20250131,2012,0,0,0,2,6,3,13.01
700901,20250131,2013,0,0,0,0,6,3,10.13
700902,20250131,2014,1,1,0,0,6,3,14.16
700903,20250131,2015,8,8,0,6,12,6,11.85
700904,20250131,2016,425,2,5,0,12,6,12.27
700905,20250131,2017,0,0,0,0,8,4,15.99
700906,20250131,2018,0,0,0,0,8,4,19.05
700907,20250131,2019,265,5,0,6,8,4,18.74
700908,20250131,2020,0,0,0,0,6,3,17.24
700909,20250131,2021,0,0,0,0,6,3,16.35
700910,20250131,2022,4,4,0,0,6,3,17.06
700911,20250131,2023,7,5,0,0,6,3,16.05
700912,20250131,2024,3,3,0,0,6,3,16.11
700913,20250131,2025,0,0,0,0,12,6,9.09
700914,20250131,2026,1,1,0,0,12,6,10.51
700915,20250131,2027,253,3,2,3,12,6,12.08
700916,20250131,2028,232,2,2,0,12,6,11.31
700917,20250131,2029,3,3,0,0,12,6,9.38
700918,20250131,2030,0,0,0,0,12,6,10.04
700919,20250131,2031,78,2,0,2,12,6,12.37
700920,20250131,2032,0,0,0,0,12,6,8.36
700921,20250131,2033,1,1,0,0,12,6,9.74
700922,20250131,2034,182,4,2,0,12,6,10.99
700923,20250131,2035,121,3,1,3,12,6,11.4
700924,20250131,2036,0,0,0,1,12,6,10.01
700925,20250131,2037,0,0,0,0,12,6,8.77
700926,20250131,2038,2,2,0,0,12,6,10.61
700927,20250131,2039,1,1,0,4,12,6,11.88
700928,20250131,2040,348,9,3,0,12,6,11.81
700929,20250131,2041,0,0,0,0,12,6,10.49
700930,20250131,2042,15,3,0,0,12,6,10.99
700931,20250131,2043,222,2,2,1,12,6,11.57
700932,20250131,2044,0,0,0,0,12,6,9.67
700933,20250131,2045,0,0,0,0,12,6,9.97
700934,20250131,2046,65,5,0,0,12,6,10.66
700935,20250131,2047,17,3,0,1,12,6,12.03
700936,20250131,2048,0,0,0,2,12,6,9.08
700937,20250131,2049,10,4,0,0,12,6,9.17
700938,20250131,2050,0,0,0,0,12,6,9.96
700939,20250131,2051,5,5,0,3,12,6,12.04
700940,20250131,2052,123,4,0,0,12,6,12.1
700941,20250131,2053,3,3,0,0,12,6,10.2
700942,20250131,2054,0,0,0,0,12,6,9.31
700943,20250131,2055,3,3,0,1,12,6,11.44
700944,20250131,2056,0,0,0,0,12,6,8.32
700945,20250131,2057,11,1,0,0,12,6,8.83
700946,20250131,2058,0,0,0,0,12,6,10.66
700947,20250131,2059,25,5,1,4,12,6,11.17
700948,20250131,2060,0,0,0,1,12,6,8.45
700949,20250131,2061,3,3,0,0,12,6,14.15
700950,20250131,2062,0,0,0,0,12,6,17.16
700951,20250131,2063,48,14,0,5,12,6,18.05
700952,20250131,2064,172,4,0,0,12,6,19.21
700953,20250131,2065,0,0,0,0,6,3,14.24
700954,20250131,2066,4,4,0,0,6,3,14.18
700955,20250131,2067,0,0,0,3,6,3,17.58
700956,20250131,2068,0,0,0,0,6,3,11.04
700957,20250131,2069,0,0,0,0,6,3,15.62
700958,20250131,2070,242,7,7,0,6,3,15.44
700959,20250131,2071,40,0,0,3,6,3,15.3
700960,20250131,2072,0,0,0,1,6,3,12.65
700961,20250131,2073,0,0,0,0,6,3,0.0
700962,20250131,2074,0,0,0,0,6,3,18.27
700963,20250228,2001,19,1,0,0,12,6,8.37
700964,20250228,2002,52,5,0,0,12,6,9.46
700965,20250228,2003,5,5,0,0,12,6,13.25
700966,20250228,2004,136,6,0,0,12,6,11.89
700967,20250228,2005,1,1,0,0,6,3,14.41
700968,20250228,2006,41,1,0,0,6,3,11.29
700969,20250228,2007,106,4,2,0,6,3,13.6
700970,20250228,2008,3,0,0,0,6,3,14.09
700971,20250228,2009,0,0,0,0,6,3,12.71
700972,20250228,2010,21,5,0,0,6,3,12.43
700973,20250228,2011,3,3,0,0,6,3,14.0
700974,20250228,2012,0,0,0,2,6,3,13.01
700975,20250228,2013,0,0,0,0,6,3,10.13
700976,20250228,2014,38,6,1,0,6,3,15.09
700977,20250228,2015,8,8,0,6,12,6,11.85
700978,20250228,2016,414,0,4,0,12,6,12.27
700979,20250228,2017,0,0,0,0,8,4,15.99
700980,20250228,2018,0,0,0,0,8,4,19.05
700981,20250228,2019,231,4,1,6,8,4,18.74
700982,20250228,2020,0,0,0,0,6,3,17.24
700983,20250228,2021,0,0,0,0,6,3,16.35
700984,20250228,2022,4,4,0,0,6,3,17.06
700985,20250228,2023,1,1,0,0,6,3,15.93
700986,20250228,2024,3,3,0,0,6,3,16.11
700987,20250228,2025,8,6,0,0,12,6,9.8
700988,20250228,2026,37,4,0,0,12,6,9.26
700989,20250228,2027,240,3,2,3,12,6,12.08
700990,20250228,2028,223,4,2,0,12,6,11.31
700991,20250228,2029,3,3,0,0,12,6,9.38
700992,20250228,2030,9,2,0,0,12,6,9.87
700993,20250228,2031,66,5,0,2,12,6,12.37
700994,20250228,2032,0,0,0,0,12,6,8.36
700995,20250228,2033,0,0,0,0,12,6,9.74
700996,20250228,2034,175,4,0,0,12,6,10.99
700997,20250228,2035,114,1,0,3,12,6,11.4
700998,20250228,2036,0,0,0,1,12,6,10.01
700999,20250228,2037,2,1,0,0,12,6,8.31
701000,20250228,2038,14,6,0,0,12,6,8.95
701001,20250228,2039,1,1,0,4,12,6,11.88
701002,20250228,2040,312,10,4,0,12,6,11.81
701003,20250228,2041,0,0,0,0,12,6,10.49
701004,20250228,2042,0,0,0,0,12,6,10.99
701005,20250228,2043,184,3,0,1,12,6,11.57
701006,20250228,2044,0,0,0,0,12,6,9.67
701007,20250228,2045,0,0,0,0,12,6,9.97
701008,20250228,2046,51,6,1,0,12,6,10.67
701009,20250228,2047,3,3,0,1,12,6,12.16
701010,20250228,2048,0,0,0,2,12,6,9.08
701011,20250228,2049,2,2,0,0,12,6,9.37
701012,20250228,2050,39,0,0,0,12,6,10.05
701013,20250228,2051,5,5,0,3,12,6,12.04
701014,20250228,2052,114,2,0,0,12,6,12.1
701015,20250228,2053,5,5,0,0,12,6,9.83
701016,20250228,2054,0,0,0,0,12,6,9.31
701017,20250228,2055,3,3,0,1,12,6,11.44
701018,20250228,2056,0,0,0,1,12,6,9.53
701019,20250228,2057,1,1,0,0,12,6,9.35
701020,20250228,2058,0,0,0,0,12,6,10.66
701021,20250228,2059,2,2,0,4,12,6,12.11
701022,20250228,2060,0,0,0,1,12,6,8.45
701023,20250228,2061,1,1,0,0,12,6,14.15
701024,20250228,2062,37,1,0,0,12,6,14.23
701025,20250228,2063,25,10,0,5,12,6,17.94
701026,20250228,2064,133,4,0,0,12,6,19.2
701027,20250228,2065,0,0,0,0,6,3,12.6
701028,20250228,2066,26,1,0,0,6,3,11.79
701029,20250228,2067,0,0,0,3,6,3,17.58
701030,20250228,2068,0,0,0,0,6,3,11.04
701031,20250228,2069,0,0,0,0,6,3,15.62
701032,20250228,2070,197,6,1,0,6,3,15.44
701033,20250228,2071,27,3,0,3,6,3,15.3
701034,20250228,2072,0,0,0,1,6,3,12.65
701035,20250228,2073,12,1,0,0,6,3,13.59
701036,20250228,2074,0,0,0,0,6,3,18.27
701037,20250331,2001,0,0,0,0,12,6,8.37
701038,20250331,2002,19,5,0,0,12,6,9.52
701039,20250331,2003,49,9,1,0,12,6,11.84
701040,20250331,2004,236,4,3,0,12,6,11.2
701041,20250331,2005,5,3,0,0,6,3,13.66
701042,20250331,2006,35,0,0,0,6,3,11.68
701043,20250331,2007,89,4,1,0,6,3,13.6
701044,20250331,2008,23,1,0,0,6,3,15.76
701045,20250331,2009,0,0,0,0,6,3,12.71
701046,20250331,2010,3,3,0,0,6,3,15.01
701047,20250331,2011,7,5,0,0,6,3,13.48
701048,20250331,2012,17,0,1,2,6,3,11.5
701049,20250331,2013,6,0,0,0,6,3,11.12
701050,20250331,2014,8,6,0,0,6,3,15.48
701051,20250331,2015,16,9,0,6,12,6,11.48
701052,20250331,2016,502,0,2,0,12,6,12.46
701053,20250331,2017,6,0,0,0,8,4,15.55
701054,20250331,2018,0,0,0,0,8,4,15.88
701055,20250331,2019,182,4,1,6,8,4,18.74
701056,20250331,2020,5,2,0,0,6,3,13.72
701057,20250331,2021,0,0,0,0,6,3,16.35
701058,20250331,2022,4,4,0,0,6,3,17.06
701059,20250331,2023,1,1,0,0,6,3,15.93
701060,20250331,2024,4,4,0,0,6,3,15.83
701061,20250331,2025,0,0,0,0,12,6,9.8
701062,20250331,2026,3,2,0,0,12,6,9.66
701063,20250331,2027,252,4,2,3,12,6,12.07
701064,20250331,2028,217,3,1,0,12,6,11.31
701065,20250331,2029,3,3,0,0,12,6,9.38
701066,20250331,2030,8,0,0,0,12,6,9.77
701067,20250331,2031,69,3,0,2,12,6,12.17
701068,20250331,2032,10,0,0,0,12,6,8.55
701069,20250331,2033,0,0,0,0,12,6,9.74
701070,20250331,2034,165,3,1,0,12,6,10.99
701071,20250331,2035,101,1,3,3,12,6,11.4
701072,20250331,2036,6,1,0,1,12,6,9.0
701073,20250331,2037,12,0,0,0,12,6,9.95
701074,20250331,2038,3,3,0,0,12,6,10.36
701075,20250331,2039,60,1,1,4,12,6,12.51
701076,20250331,2040,300,13,6,0,12,6,11.99
701077,20250331,2041,0,0,0,0,12,6,9.4
701078,20250331,2042,0,0,0,0,12,6,10.99
701079,20250331,2043,135,1,1,1,12,6,11.57
701080,20250331,2044,3,1,0,0,12,6,10.49
701081,20250331,2045,0,0,0,0,12,6,9.97
701082,20250331,2046,45,5,0,0,12,6,10.68
701083,20250331,2047,3,3,0,1,12,6,12.16
701084,20250331,2048,0,0,0,2,12,6,9.08
701085,20250331,2049,0,0,0,0,12,6,9.37
701086,20250331,2050,13,0,0,0,12,6,10.06
701087,20250331,2051,38,8,0,3,12,6,11.21
701088,20250331,2052,247,3,1,0,12,6,11.74
701089,20250331,2053,6,4,0,0,12,6,9.31
701090,20250331,2054,0,0,0,0,12,6,9.31
701091,20250331,2055,75,3,0,1,12,6,11.11
701092,20250331,2056,0,0,0,1,12,6,9.53
701093,20250331,2057,1,1,0,0,12,6,9.35
701094,20250331,2058,0,0,0,0,12,6,10.66
701095,20250331,2059,2,2,0,4,12,6,12.11
701096,20250331,2060,21,3,0,1,12,6,9.7
701097,20250331,2061,1,1,0,0,12,6,14.15
701098,20250331,2062,0,0,0,0,12,6,13.95
701099,20250331,2063,8,8,0,5,12,6,17.48
701100,20250331,2064,296,2,7,0,12,6,17.77
701101,20250331,2065,0,0,0,0,6,3,12.6
701102,20250331,2066,30,4,0,0,6,3,12.51
701103,20250331,2067,0,0,0,3,6,3,17.58
701104,20250331,2068,18,0,0,0,6,3,13.55
701105,20250331,2069,0,0,0,0,6,3,15.62
701106,20250331,2070,173,9,2,0,6,3,15.44
701107,20250331,2071,16,0,0,3,6,3,15.29
701108,20250331,2072,0,0,0,1,6,3,11.2
701109,20250331,2073,6,0,0,0,6,3,12.58
701110,20250331,2074,0,0,0,0,6,3,18.27
701111,20250430,2001,0,0,0,0,12,6,9.92
701112,20250430,2002,5,5,0,0,12,6,9.82
701113,20250430,2003,6,6,0,0,12,6,12.99
701114,20250430,2004,202,8,2,0,12,6,11.2
701115,20250430,2005,3,3,0,0,6,3,13.78
701116,20250430,2006,1,1,0,0,6,3,11.9
701117,20250430,2007,74,4,1,0,6,3,13.6
701118,20250430,2008,22,0,1,0,6,3,15.56
701119,20250430,2009,0,0,0,0,6,3,12.71
701120,20250430,2010,3,3,0,0,6,3,15.01
701121,20250430,2011,3,3,0,0,6,3,14.0
701122,20250430,2012,7,4,0,2,6,3,11.51
701123,20250430,2013,0,0,0,0,6,3,11.12
701124,20250430,2014,2,2,0,0,6,3,14.85
701125,20250430,2015,8,8,0,6,12,6,11.85
701126,20250430,2016,495,0,3,0,12,6,12.46
701127,20250430,2017,0,0,0,0,8,4,15.23
701128,20250430,2018,0,0,0,0,8,4,15.88
701129,20250430,2019,229,7,1,6,8,4,18.88
701130,20250430,2020,0,0,0,0,6,3,13.72
701131,20250430,2021,0,0,0,0,6,3,16.35
701132,20250430,2022,4,4,0,0,6,3,17.06
701133,20250430,2023,14,4,0,0,6,3,15.21
701134,20250430,2024,4,4,0,0,6,3,15.83
701135,20250430,2025,1,1,0,0,12,6,9.44
701136,20250430,2026,24,4,0,0,12,6,9.54
701137,20250430,2027,240,3,0,3,12,6,12.07
701138,20250430,2028,210,3,2,0,12,6,11.31
701139,20250430,2029,3,3,0,0,12,6,9.38
701140,20250430,2030,0,0,0,0,12,6,9.7
701141,20250430,2031,80,3,0,2,12,6,12.45
701142,20250430,2032,0,0,0,0,12,6,8.55
701143,20250430,2033,0,0,0,0,12,6,9.74
701144,20250430,2034,158,3,0,0,12,6,10.99
701145,20250430,2035,165,1,0,3,12,6,11.59
701146,20250430,2036,1,1,0,1,12,6,9.0
701147,20250430,2037,20,1,0,0,12,6,10.26
701148,20250430,2038,18,11,0,0,12,6,8.93
701149,20250430,2039,20,2,0,4,12,6,12.49
701150,20250430,2040,237,14,1,0,12,6,11.99
701151,20250430,2041,0,0,0,0,12,6,9.58
701152,20250430,2042,0,0,0,0,12,6,10.99
701153,20250430,2043,190,2,2,1,12,6,11.54
701154,20250430,2044,16,3,0,0,12,6,9.96
701155,20250430,2045,0,0,0,0,12,6,9.97
701156,20250430,2046,30,9,1,0,12,6,10.7
701157,20250430,2047,3,3,0,1,12,6,12.16
701158,20250430,2048,0,0,0,2,12,6,9.08
701159,20250430,2049,0,0,0,0,12,6,10.57
701160,20250430,2050,16,3,0,0,12,6,10.57
701161,20250430,2051,14,9,0,3,12,6,11.42
701162,20250430,2052,237,2,2,0,12,6,11.74
701163,20250430,2053,3,3,0,0,12,6,10.2
701164,20250430,2054,0,0,0,0,12,6,9.31
701165,20250430,2055,83,11,0,1,12,6,10.85
701166,20250430,2056,0,0,0,1,12,6,9.53
701167,20250430,2057,1,1,0,0,12,6,9.35
701168,20250430,2058,0,0,0,0,12,6,10.66
701169,20250430,2059,2,2,0,4,12,6,12.11
701170,20250430,2060,2,2,0,1,12,6,9.66
701171,20250430,2061,1,1,0,0,12,6,14.15
701172,20250430,2062,2,1,0,0,12,6,15.05
701173,20250430,2063,8,8,0,5,12,6,17.48
701174,20250430,2064,254,6,3,0,12,6,17.77
701175,20250430,2065,0,0,0,0,6,3,11.88
701176,20250430,2066,0,0,0,0,6,3,12.92
701177,20250430,2067,144,2,2,3,6,3,15.34
701178,20250430,2068,28,2,0,0,6,3,12.95
701179,20250430,2069,0,0,0,0,6,3,15.62
701180,20250430,2070,121,8,1,0,6,3,15.43
701181,20250430,2071,79,1,0,3,6,3,14.4
701182,20250430,2072,0,0,0,1,6,3,11.2
701183,20250430,2073,0,0,0,0,6,3,12.58
701184,20250430,2074,26,7,0,0,6,3,17.29
701185,20250531,2001,0,0,0,0,12,6,10.27
701186,20250531,2002,5,5,0,0,12,6,9.82
701187,20250531,2003,6,6,0,0,12,6,12.99
701188,20250531,2004,159,10,3,0,12,6,11.2
701189,20250531,2005,3,3,0,0,6,3,13.78
701190,20250531,2006,1,1,0,0,6,3,11.9
701191,20250531,2007,63,8,0,0,6,3,13.6
701192,20250531,2008,32,2,1,0,6,3,13.67
701193,20250531,2009,0,0,0,0,6,3,12.71
701194,20250531,2010,3,3,0,0,6,3,15.01
701195,20250531,2011,3,3,0,0,6,3,14.0
701196,20250531,2012,37,0,0,2,6,3,10.89
701197,20250531,2013,0,0,0,0,6,3,9.42
701198,20250531,2014,2,2,0,0,6,3,14.85
701199,20250531,2015,8,8,0,6,12,6,11.85
701200,20250531,2016,584,2,3,0,12,6,12.1
701201,20250531,2017,0,0,0,0,8,4,15.11
701202,20250531,2018,0,0,0,0,8,4,18.71
701203,20250531,2019,246,6,2,6,8,4,18.71
701204,20250531,2020,21,6,1,0,6,3,15.11
701205,20250531,2021,0,0,0,0,6,3,16.35
701206,20250531,2022,4,4,0,0,6,3,17.06
701207,20250531,2023,1,1,0,0,6,3,15.93
701208,20250531,2024,4,4,0,0,6,3,15.83
701209,20250531,2025,1,1,0,0,12,6,9.44
701210,20250531,2026,2,2,0,0,12,6,10.01
701211,20250531,2027,217,4,4,3,12,6,12.07
701212,20250531,2028,198,4,0,0,12,6,11.31
701213,20250531,2029,3,3,0,0,12,6,9.38
701214,20250531,2030,21,2,0,0,12,6,9.97
701215,20250531,2031,69,4,1,2,12,6,12.45
701216,20250531,2032,3,3,0,0,12,6,8.38
701217,20250531,2033,0,0,0,0,12,6,9.74
701218,20250531,2034,143,6,2,0,12,6,10.99
701219,20250531,2035,153,2,1,3,12,6,11.59
701220,20250531,2036,1,1,0,1,12,6,9.0
701221,20250531,2037,19,5,0,0,12,6,10.22
701222,20250531,2038,28,16,0,0,12,6,10.43
701223,20250531,2039,1,1,0,4,12,6,11.88
701224,20250531,2040,337,12,4,0,12,6,11.7
701225,20250531,2041,0,0,0,0,12,6,8.93
701226,20250531,2042,0,0,0,0,12,6,10.99
701227,20250531,2043,159,12,0,1,12,6,11.54
701228,20250531,2044,0,0,0,0,12,6,9.96
701229,20250531,2045,0,0,0,0,12,6,9.97
701230,20250531,2046,9,6,0,0,12,6,10.9
701231,20250531,2047,3,3,0,1,12,6,12.16
701232,20250531,2048,12,2,0,2,12,6,9.45
701233,20250531,2049,0,0,0,0,12,6,10.57
701234,20250531,2050,1,1,0,0,12,6,9.73
701235,20250531,2051,5,5,0,3,12,6,12.04
701236,20250531,2052,365,2,2,0,12,6,11.18
701237,20250531,2053,14,9,0,0,12,6,9.43
701238,20250531,2054,0,0,0,0,12,6,9.31
701239,20250531,2055,53,9,0,1,12,6,10.96
701240,20250531,2056,0,0,0,1,12,6,9.53
701241,20250531,2057,1,1,0,0,12,6,9.35
701242,20250531,2058,0,0,0,0,12,6,10.66
701243,20250531,2059,2,2,0,4,12,6,12.11
701244,20250531,2060,2,2,0,1,12,6,9.66
701245,20250531,2061,1,1,0,0,12,6,14.15
701246,20250531,2062,11,6,0,0,12,6,17.57
701247,20250531,2063,8,8,0,5,12,6,17.48
701248,20250531,2064,314,10,3,0,12,6,17.6
701249,20250531,2065,0,0,0,0,6,3,11.88
701250,20250531,2066,0,0,0,0,6,3,12.92
701251,20250531,2067,99,5,3,3,6,3,15.34
701252,20250531,2068,11,1,0,0,6,3,12.94
701253,20250531,2069,28,11,0,0,6,3,14.26
701254,20250531,2070,67,9,0,0,6,3,15.4
701255,20250531,2071,66,0,0,3,6,3,14.4
701256,20250531,2072,2,2,0,1,6,3,13.77
701257,20250531,2073,0,0,0,0,6,3,12.58
701258,20250531,2074,1,1,0,0,6,3,17.29
701259,20250630,2001,0,0,0,0,12,6,10.27
701260,20250630,2002,5,5,0,0,12,6,9.82
701261,20250630,2003,6,6,0,0,12,6,12.99
701262,20250630,2004,257,13,6,0,12,6,12.3
701263,20250630,2005,3,3,0,0,6,3,13.78
701264,20250630,2006,20,6,0,0,6,3,11.3
701265,20250630,2007,169,9,1,0,6,3,12.37
701266,20250630,2008,12,1,1,0,6,3,13.67
701267,20250630,2009,0,0,0,0,6,3,12.71
701268,20250630,2010,3,3,0,0,6,3,15.01
701269,20250630,2011,3,3,0,0,6,3,14.0
701270,20250630,2012,27,3,0,2,6,3,10.89
701271,20250630,2013,0,0,0,0,6,3,10.88
701272,20250630,2014,2,2,0,0,6,3,14.85
701273,20250630,2015,8,8,0,6,12,6,11.85
701274,20250630,2016,613,5,6,0,12,6,12.08
701275,20250630,2017,0,0,0,0,8,4,15.11
701276,20250630,2018,1,1,0,0,8,4,18.72
701277,20250630,2019,245,7,3,6,8,4,18.9
701278,20250630,2020,1,1,0,0,6,3,15.11
701279,20250630,2021,0,0,0,0,6,3,16.35
701280,20250630,2022,4,4,0,0,6,3,17.06
701281,20250630,2023,1,1,0,0,6,3,15.93
701282,20250630,2024,22,5,0,2,6,3,14.72
701283,20250630,2025,1,1,0,0,12,6,9.36
701284,20250630,2026,21,10,1,0,12,6,9.57
701285,20250630,2027,207,5,1,3,12,6,12.07
701286,20250630,2028,193,4,2,0,12,6,11.31
701287,20250630,2029,3,3,0,0,12,6,9.38
701288,20250630,2030,54,2,0,0,12,6,9.92
701289,20250630,2031,56,6,0,2,12,6,12.44
701290,20250630,2032,0,0,0,0,12,6,8.38
701291,20250630,2033,0,0,0,0,12,6,9.74
701292,20250630,2034,131,6,1,0,12,6,10.99
701293,20250630,2035,140,3,0,3,12,6,11.59
701294,20250630,2036,1,1,0,2,12,6,9.0
701295,20250630,2037,13,1,0,0,12,6,9.98
701296,20250630,2038,4,4,0,0,12,6,10.38
701297,20250630,2039,4,4,0,4,12,6,11.85
701298,20250630,2040,430,17,2,0,12,6,12.1
701299,20250630,2041,0,0,0,0,12,6,8.93
701300,20250630,2042,0,0,0,0,12,6,10.99
701301,20250630,2043,208,10,0,1,12,6,11.75
701302,20250630,2044,0,0,0,0,12,6,9.96
701303,20250630,2045,0,0,0,0,12,6,9.97
701304,20250630,2046,5,5,0,0,12,6,11.13
701305,20250630,2047,3,3,0,1,12,6,12.16
701306,20250630,2048,3,3,0,3,12,6,9.21
701307,20250630,2049,0,0,0,0,12,6,10.11
701308,20250630,2050,1,1,0,0,12,6,9.73
701309,20250630,2051,6,6,0,3,12,6,11.77
701310,20250630,2052,454,4,4,0,12,6,11.65
701311,20250630,2053,4,4,0,0,12,6,9.96
701312,20250630,2054,1,1,0,0,12,6,9.47
701313,20250630,2055,35,13,0,1,12,6,11.45
701314,20250630,2056,0,0,0,1,12,6,9.53
701315,20250630,2057,1,1,0,0,12,6,9.35
701316,20250630,2058,0,0,0,0,12,6,10.66
701317,20250630,2059,2,2,0,4,12,6,12.11
701318,20250630,2060,3,3,0,3,12,6,9.92
701319,20250630,2061,1,1,0,0,12,6,14.15
701320,20250630,2062,0,0,0,0,12,6,17.54
701321,20250630,2063,8,8,0,5,12,6,17.48
701322,20250630,2064,254,18,2,0,12,6,17.6
701323,20250630,2065,0,0,0,0,6,3,11.88
701324,20250630,2066,28,2,1,0,6,3,14.32
701325,20250630,2067,139,4,0,3,6,3,14.12
701326,20250630,2068,0,0,0,0,6,3,12.58
701327,20250630,2069,1,1,0,0,6,3,14.26
701328,20250630,2070,31,8,0,0,6,3,15.33
701329,20250630,2071,62,0,1,3,6,3,14.4
701330,20250630,2072,2,2,0,2,6,3,13.77
701331,20250630,2073,0,0,0,0,6,3,14.03
701332,20250630,2074,1,1,0,0,6,3,17.29
701333,20250731,2001,0,0,0,0,12,6,10.27
701334,20250731,2002,5,5,0,0,12,6,9.82
701335,20250731,2003,6,6,0,0,12,6,12.99
701336,20250731,2004,192,17,2,0,12,6,12.29
701337,20250731,2005,3,3,0,0,6,3,13.78
701338,20250731,2006,1,1,0,0,6,3,11.9
701339,20250731,2007,160,9,0,0,6,3,12.38
701340,20250731,2008,0,0,0,0,6,3,12.19
701341,20250731,2009,0,0,0,0,6,3,12.71
701342,20250731,2010,3,3,0,0,6,3,15.01
701343,20250731,2011,3,3,0,0,6,3,14.0
701344,20250731,2012,15,3,0,2,6,3,11.06
701345,20250731,2013,0,0,0,0,6,3,10.88
701346,20250731,2014,8,8,0,1,6,3,14.62
701347,20250731,2015,8,8,0,6,12,6,11.85
701348,20250731,2016,577,0,4,0,12,6,12.08
701349,20250731,2017,1,1,0,0,8,4,17.42
701350,20250731,2018,1,1,0,0,8,4,18.72
701351,20250731,2019,246,7,1,6,8,4,19.37
701352,20250731,2020,1,1,0,0,6,3,15.11
701353,20250731,2021,0,0,0,0,6,3,17.59
701354,20250731,2022,4,4,0,0,6,3,17.06
701355,20250731,2023,1,1,0,0,6,3,15.93
701356,20250731,2024,5,5,0,2,6,3,15.56
701357,20250731,2025,1,1,0,0,12,6,9.36
701358,20250731,2026,4,4,0,0,12,6,9.76
701359,20250731,2027,186,4,0,3,12,6,12.07
701360,20250731,2028,175,5,3,0,12,6,11.31
701361,20250731,2029,3,3,0,0,12,6,9.38
701362,20250731,2030,34,1,0,0,12,6,9.92
701363,20250731,2031,32,6,1,2,12,6,12.42
701364,20250731,2032,0,0,0,0,12,6,8.38
701365,20250731,2033,0,0,0,0,12,6,9.74
701366,20250731,2034,109,5,0,0,12,6,10.98
701367,20250731,2035,125,1,3,3,12,6,11.59
701368,20250731,2036,1,1,0,2,12,6,9.0
701369,20250731,2037,1,1,0,0,12,6,10.39
701370,20250731,2038,23,15,0,0,12,6,10.94
701371,20250731,2039,1,1,0,4,12,6,11.88
701372,20250731,2040,368,13,3,0,12,6,12.1
701373,20250731,2041,0,0,0,0,12,6,8.93
701374,20250731,2042,0,0,0,0,12,6,10.99
701375,20250731,2043,151,4,3,1,12,6,11.75
701376,20250731,2044,0,0,0,0,12,6,9.96
701377,20250731,2045,19,1,0,0,12,6,10.59
701378,20250731,2046,5,5,0,0,12,6,11.13
701379,20250731,2047,3,3,0,1,12,6,12.16
701380,20250731,2048,0,0,0,3,12,6,10.67
701381,20250731,2049,0,0,0,0,12,6,10.11
701382,20250731,2050,67,4,0,0,12,6,10.89
701383,20250731,2051,5,5,0,3,12,6,12.04
701384,20250731,2052,431,3,3,0,12,6,11.65
701385,20250731,2053,4,4,0,0,12,6,9.96
701386,20250731,2054,1,1,0,0,12,6,9.47
701387,20250731,2055,4,4,0,1,12,6,11.39
701388,20250731,2056,0,0,0,1,12,6,9.53
701389,20250731,2057,1,1,0,0,12,6,9.35
701390,20250731,2058,0,0,0,0,12,6,10.66
701391,20250731,2059,2,2,0,4,12,6,12.11
701392,20250731,2060,2,2,0,3,12,6,9.66
701393,20250731,2061,1,1,0,0,12,6,14.15
701394,20250731,2062,18,3,0,0,12,6,15.55
701395,20250731,2063,8,8,0,5,12,6,17.48
701396,20250731,2064,161,10,1,0,12,6,17.6
701397,20250731,2065,0,0,0,0,6,3,11.88
701398,20250731,2066,0,0,0,0,6,3,13.66
701399,20250731,2067,159,3,1,3,6,3,15.11
701400,20250731,2068,0,0,0,0,6,3,12.58
701401,20250731,2069,1,1,0,0,6,3,14.26
701402,20250731,2070,6,6,0,0,6,3,14.8
701403,20250731,2071,48,1,0,3,6,3,14.4
701404,20250731,2072,2,2,0,2,6,3,13.77
701405,20250731,2073,0,0,0,0,6,3,14.03
701406,20250731,2074,62,4,0,0,6,3,18.31
701407,20250831,2001,0,0,0,0,12,6,10.27
701408,20250831,2002,38,5,0,0,12,6,9.87
701409,20250831,2003,54,14,2,0,12,6,11.58
701410,20250831,2004,432,13,4,0,12,6,11.72
701411,20250831,2005,19,5,1,0,6,3,13.02
701412,20250831,2006,1,1,0,0,6,3,11.9
701413,20250831,2007,196,8,1,0,6,3,12.51
701414,20250831,2008,0,0,0,0,6,3,12.19
701415,20250831,2009,0,0,0,0,6,3,12.71
701416,20250831,2010,3,3,0,0,6,3,15.01
701417,20250831,2011,3,3,0,0,6,3,14.0
701418,20250831,2012,18,2,0,2,6,3,11.15
701419,20250831,2013,0,0,0,0,6,3,10.88
701420,20250831,2014,2,2,0,1,6,3,14.85
701421,20250831,2015,18,10,0,6,12,6,10.96
701422,20250831,2016,795,1,5,0,12,6,12.1
701423,20250831,2017,1,1,0,0,8,4,17.42
701424,20250831,2018,1,1,0,0,8,4,18.72
701425,20250831,2019,196,6,1,6,8,4,19.37
701426,20250831,2020,1,1,0,0,6,3,15.11
701427,20250831,2021,0,0,0,0,6,3,17.59
701428,20250831,2022,133,6,2,0,6,3,16.5
701429,20250831,2023,1,1,0,0,6,3,15.93
701430,20250831,2024,5,5,0,2,6,3,15.56
701431,20250831,2025,1,1,0,0,12,6,9.36
701432,20250831,2026,4,4,0,0,12,6,9.76
701433,20250831,2027,175,3,4,3,12,6,12.07
701434,20250831,2028,258,3,1,0,12,6,11.07
701435,20250831,2029,3,3,0,0,12,6,9.38
701436,20250831,2030,22,4,0,0,12,6,9.92
701437,20250831,2031,93,5,1,2,12,6,11.48
701438,20250831,2032,0,0,0,0,12,6,8.38
701439,20250831,2033,0,0,0,0,12,6,9.74
701440,20250831,2034,215,7,1,0,12,6,11.13
701441,20250831,2035,114,1,0,3,12,6,11.59
701442,20250831,2036,1,1,0,2,12,6,9.0
701443,20250831,2037,1,1,0,0,12,6,10.39
701444,20250831,2038,10,8,0,0,12,6,10.35
701445,20250831,2039,82,3,2,4,12,6,12.86
701446,20250831,2040,464,10,3,0,12,6,12.2
701447,20250831,2041,0,0,0,0,12,6,8.93
701448,20250831,2042,0,0,0,0,12,6,10.99
701449,20250831,2043,170,6,1,1,12,6,11.18
701450,20250831,2044,0,0,0,0,12,6,9.96
701451,20250831,2045,1,1,0,0,12,6,10.59
701452,20250831,2046,5,5,0,0,12,6,11.13
701453,20250831,2047,3,3,0,1,12,6,12.16
701454,20250831,2048,0,0,0,3,12,6,9.47
701455,20250831,2049,0,0,0,0,12,6,10.11
701456,20250831,2050,76,4,2,0,12,6,10.98
701457,20250831,2051,41,6,0,3,12,6,12.39
701458,20250831,2052,466,2,3,0,12,6,11.66
701459,20250831,2053,21,5,0,0,12,6,9.1
701460,20250831,2054,1,1,0,0,12,6,9.47
701461,20250831,2055,29,6,0,1,12,6,12.6
701462,20250831,2056,0,0,0,1,12,6,9.53
701463,20250831,2057,1,1,0,0,12,6,9.35
701464,20250831,2058,0,0,0,0,12,6,10.66
701465,20250831,2059,2,2,0,4,12,6,12.11
701466,20250831,2060,2,2,0,3,12,6,9.66
701467,20250831,2061,1,1,0,0,12,6,14.15
701468,20250831,2062,0,0,0,0,12,6,15.53
701469,20250831,2063,48,8,1,5,12,6,15.91
701470,20250831,2064,423,12,2,0,12,6,16.57
701471,20250831,2065,0,0,0,0,6,3,11.88
701472,20250831,2066,0,0,0,0,6,3,13.66
701473,20250831,2067,221,2,1,3,6,3,15.59
701474,20250831,2068,0,0,0,0,6,3,12.58
701475,20250831,2069,1,1,0,0,6,3,14.26
701476,20250831,2070,6,6,0,0,6,3,14.8
701477,20250831,2071,28,0,0,3,6,3,14.4
701478,20250831,2072,2,2,0,2,6,3,13.77
701479,20250831,2073,0,0,0,0,6,3,14.03
701480,20250831,2074,9,3,0,0,6,3,18.21
701481,20250930,2001,0,0,0,0,12,6,10.27
701482,20250930,2002,13,5,0,0,12,6,10.12
701483,20250930,2003,23,16,0,0,12,6,12.91
701484,20250930,2004,430,16,2,0,12,6,11.64
701485,20250930,2005,3,3,0,0,6,3,13.78
701486,20250930,2006,1,1,0,0,6,3,11.9
701487,20250930,2007,355,10,0,0,6,3,12.36
701488,20250930,2008,0,0,0,0,6,3,12.19
701489,20250930,2009,0,0,0,0,6,3,12.71
701490,20250930,2010,63,6,0,0,6,3,14.09
701491,20250930,2011,3,3,0,0,6,3,14.0
701492,20250930,2012,7,1,0,2,6,3,11.14
701493,20250930,2013,0,0,0,0,6,3,10.88
701494,20250930,2014,29,6,0,1,6,3,14.26
701495,20250930,2015,8,8,0,6,12,6,11.85
701496,20250930,2016,827,1,9,0,12,6,12.07
701497,20250930,2017,14,8,0,0,8,4,18.73
701498,20250930,2018,1,1,0,0,8,4,18.72
701499,20250930,2019,184,7,0,6,8,4,19.52
701500,20250930,2020,1,1,0,0,6,3,15.11
701501,20250930,2021,0,0,0,0,6,3,17.59
701502,20250930,2022,153,10,3,0,6,3,16.96
701503,20250930,2023,1,1,0,0,6,3,15.93
701504,20250930,2024,5,5,0,2,6,3,15.56
701505,20250930,2025,1,1,0,0,12,6,9.36
701506,20250930,2026,4,4,0,0,12,6,9.76
701507,20250930,2027,191,4,2,3,12,6,11.95
701508,20250930,2028,249,4,3,0,12,6,11.07
701509,20250930,2029,3,3,0,0,12,6,9.38
701510,20250930,2030,8,1,0,0,12,6,9.92
701511,20250930,2031,247,7,2,2,12,6,12.22
701512,20250930,2032,0,0,0,0,12,6,8.38
701513,20250930,2033,0,0,0,0,12,6,9.74
701514,20250930,2034,204,4,0,0,12,6,11.13
701515,20250930,2035,95,4,2,3,12,6,11.59
701516,20250930,2036,1,1,0,2,12,6,9.0
701517,20250930,2037,1,1,0,0,12,6,10.39
701518,20250930,2038,5,5,0,0,12,6,10.52
701519,20250930,2039,94,3,1,4,12,6,11.68
701520,20250930,2040,568,11,3,0,12,6,12.15
701521,20250930,2041,0,0,0,0,12,6,10.36
701522,20250930,2042,0,0,0,0,12,6,10.99
701523,20250930,2043,150,5,2,1,12,6,11.36
701524,20250930,2044,13,1,0,0,12,6,10.29
701525,20250930,2045,1,1,0,0,12,6,10.59
701526,20250930,2046,125,5,1,0,12,6,10.81
701527,20250930,2047,3,3,0,1,12,6,12.16
701528,20250930,2048,0,0,0,3,12,6,9.47
701529,20250930,2049,0,0,0,0,12,6,10.11
701530,20250930,2050,89,5,1,0,12,6,10.21
701531,20250930,2051,30,11,0,3,12,6,11.35
701532,20250930,2052,603,4,3,0,12,6,11.87
701533,20250930,2053,4,4,0,0,12,6,9.96
701534,20250930,2054,1,1,0,0,12,6,9.47
701535,20250930,2055,70,7,0,1,12,6,12.02
701536,20250930,2056,0,0,0,1,12,6,9.53
701537,20250930,2057,1,1,0,0,12,6,9.35
701538,20250930,2058,180,0,2,0,12,6,9.63
701539,20250930,2059,2,2,0,4,12,6,12.11
701540,20250930,2060,2,2,0,3,12,6,9.66
701541,20250930,2061,1,1,0,0,12,6,14.15
701542,20250930,2062,44,1,0,0,12,6,15.75
701543,20250930,2063,87,9,3,5,12,6,17.13
701544,20250930,2064,581,12,2,0,12,6,16.16
701545,20250930,2065,0,0,0,0,6,3,11.88
701546,20250930,2066,0,0,0,0,6,3,13.66
701547,20250930,2067,281,3,4,3,6,3,15.84
701548,20250930,2068,0,0,0,0,6,3,12.58
701549,20250930,2069,1,1,0,0,6,3,14.26
701550,20250930,2070,6,6,0,0,6,3,14.8
701551,20250930,2071,14,3,0,3,6,3,14.39
701552,20250930,2072,2,2,0,2,6,3,13.77
701553,20250930,2073,0,0,0,0,6,3,14.03
701554,20250930,2074,41,4,0,0,6,3,19.27
701555,20251031,2001,0,0,0,0,12,6,10.27
701556,20251031,2002,5,5,0,0,12,6,9.82
701557,20251031,2003,12,12,0,0,12,6,12.92
701558,20251031,2004,592,13,3,0,12,6,11.41
701559,20251031,2005,3,3,0,0,6,3,13.78
701560,20251031,2006,1,1,0,0,6,3,11.9
701561,20251031,2007,389,9,3,0,6,3,12.35
701562,20251031,2008,41,4,0,0,6,3,15.07
701563,20251031,2009,48,1,0,0,6,3,9.55
701564,20251031,2010,27,4,0,0,6,3,14.15
701565,20251031,2011,31,10,0,0,6,3,13.51
701566,20251031,2012,27,0,0,2,6,3,10.31
701567,20251031,2013,13,0,0,0,6,3,11.79
701568,20251031,2014,2,2,0,1,6,3,14.85
701569,20251031,2015,8,8,0,6,12,6,11.85
701570,20251031,2016,867,0,5,0,12,6,12.06
701571,20251031,2017,3,3,0,0,8,4,18.36
701572,20251031,2018,13,3,0,0,8,4,18.06
701573,20251031,2019,146,4,1,6,8,4,19.52
701574,20251031,2020,1,1,0,0,6,3,15.11
701575,20251031,2021,74,1,3,0,6,3,18.71
701576,20251031,2022,244,4,0,0,6,3,15.68
701577,20251031,2023,1,1,0,0,6,3,15.93
701578,20251031,2024,5,5,0,2,6,3,15.56
701579,20251031,2025,1,1,0,0,12,6,9.36
701580,20251031,2026,35,6,1,0,12,6,9.53
701581,20251031,2027,177,3,1,3,12,6,11.95
701582,20251031,2028,428,4,2,0,12,6,11.57
701583,20251031,2029,3,3,0,0,12,6,9.38
701584,20251031,2030,52,1,1,0,12,6,9.52
701585,20251031,2031,307,5,1,2,12,6,12.49
701586,20251031,2032,20,0,0,0,12,6,10.15
701587,20251031,2033,23,0,2,0,12,6,10.19
701588,20251031,2034,191,5,3,0,12,6,11.13
701589,20251031,2035,104,2,2,3,12,6,11.77
701590,20251031,2036,1,1,0,2,12,6,9.0
701591,20251031,2037,19,2,0,0,12,6,9.26
701592,20251031,2038,5,5,0,0,12,6,10.52
701593,20251031,2039,57,4,2,4,12,6,11.68
701594,20251031,2040,728,9,3,0,12,6,12.01
701595,20251031,2041,1,1,0,0,12,6,9.86
701596,20251031,2042,0,0,0,0,12,6,10.99
701597,20251031,2043,145,3,1,1,12,6,11.51
701598,20251031,2044,7,2,0,0,12,6,9.75
701599,20251031,2045,30,2,0,0,12,6,11.03
701600,20251031,2046,113,6,1,0,12,6,10.81
701601,20251031,2047,3,3,0,1,12,6,12.16
701602,20251031,2048,0,0,0,3,12,6,9.47
701603,20251031,2049,6,1,0,0,12,6,9.29
701604,20251031,2050,79,8,0,0,12,6,10.2
701605,20251031,2051,71,6,0,14,12,6,11.9
701606,20251031,2052,644,4,3,0,12,6,11.97
701607,20251031,2053,11,5,0,0,12,6,10.29
701608,20251031,2054,1,1,0,0,12,6,9.47
701609,20251031,2055,21,5,0,1,12,6,11.29
701610,20251031,2056,28,0,0,1,12,6,8.62
701611,20251031,2057,1,1,0,0,12,6,9.35
701612,20251031,2058,153,3,0,0,12,6,9.63
701613,20251031,2059,2,2,0,4,12,6,12.11
701614,20251031,2060,2,2,0,3,12,6,9.66
701615,20251031,2061,1,1,0,0,12,6,14.15
701616,20251031,2062,100,1,1,0,12,6,16.21
701617,20251031,2063,64,9,1,5,12,6,17.14
701618,20251031,2064,638,12,12,0,12,6,16.68
701619,20251031,2065,0,0,0,0,6,3,11.88
701620,20251031,2066,0,0,0,0,6,3,13.66
701621,20251031,2067,236,7,2,3,6,3,15.84
701622,20251031,2068,20,0,0,0,6,3,14.23
701623,20251031,2069,40,2,0,0,6,3,13.75
701624,20251031,2070,6,6,0,0,6,3,14.8
701625,20251031,2071,33,1,1,3,6,3,13.28
701626,20251031,2072,2,2,0,2,6,3,13.77
701627,20251031,2073,29,0,0,0,6,3,12.55
701628,20251031,2074,78,2,3,0,6,3,19.95
701629,20251130,2001,0,0,0,0,12,6,10.27
701630,20251130,2002,29,7,0,0,12,6,10.95
701631,20251130,2003,12,12,0,0,12,6,12.92
701632,20251130,2004,533,12,3,0,12,6,11.41
701633,20251130,2005,3,3,0,0,6,3,13.78
701634,20251130,2006,73,2,1,0,6,3,10.22
701635,20251130,2007,374,9,3,0,6,3,12.35
701636,20251130,2008,32,2,0,0,6,3,15.13
701637,20251130,2009,24,3,0,0,6,3,12.39
701638,20251130,2010,4,4,0,0,6,3,14.77
701639,20251130,2011,18,7,0,0,6,3,11.32
701640,20251130,2012,30,0,0,2,6,3,10.61
701641,20251130,2013,0,0,0,0,6,3,11.17
701642,20251130,2014,2,2,0,1,6,3,14.85
701643,20251130,2015,8,8,0,6,12,6,11.85
701644,20251130,2016,860,0,8,0,12,6,12.06
701645,20251130,2017,3,3,0,0,8,4,18.36
701646,20251130,2018,20,6,0,4,8,4,17.42
701647,20251130,2019,110,7,0,6,8,4,19.51
701648,20251130,2020,1,1,0,0,6,3,15.11
701649,20251130,2021,96,3,0,0,6,3,17.04
701650,20251130,2022,204,5,3,0,6,3,15.68
701651,20251130,2023,66,3,1,0,6,3,19.85
701652,20251130,2024,6,6,0,2,6,3,15.97
701653,20251130,2025,1,1,0,0,12,6,9.36
701654,20251130,2026,10,5,0,0,12,6,9.59
701655,20251130,2027,172,3,1,3,12,6,11.95
701656,20251130,2028,415,3,5,0,12,6,11.57
701657,20251130,2029,3,3,0,0,12,6,9.38
701658,20251130,2030,87,2,1,0,12,6,9.92
701659,20251130,2031,299,8,4,2,12,6,12.49
701660,20251130,2032,8,0,0,0,12,6,10.14
701661,20251130,2033,12,0,0,0,12,6,10.71
701662,20251130,2034,175,5,1,0,12,6,11.13
701663,20251130,2035,148,7,0,3,12,6,11.05
701664,20251130,2036,1,1,0,2,12,6,9.0
701665,20251130,2037,8,1,0,0,12,6,9.35
701666,20251130,2038,28,10,0,0,12,6,9.34
701667,20251130,2039,4,4,0,4,12,6,11.87
701668,20251130,2040,698,9,8,0,12,6,12.01
701669,20251130,2041,0,0,0,0,12,6,9.86
701670,20251130,2042,0,0,0,0,12,6,10.99
701671,20251130,2043,84,7,0,1,12,6,11.51
701672,20251130,2044,0,0,0,0,12,6,8.62
701673,20251130,2045,2,2,0,0,12,6,10.82
701674,20251130,2046,104,7,0,0,12,6,10.82
701675,20251130,2047,3,3,0,1,12,6,12.16
701676,20251130,2048,0,0,0,3,12,6,10.48
701677,20251130,2049,0,0,0,0,12,6,9.29
701678,20251130,2050,99,3,3,0,12,6,9.98
701679,20251130,2051,45,8,0,14,12,6,11.91
701680,20251130,2052,636,4,7,0,12,6,11.97
701681,20251130,2053,4,4,0,0,12,6,9.96
701682,20251130,2054,40,4,0,0,12,6,9.92
701683,20251130,2055,5,5,0,1,12,6,11.59
701684,20251130,2056,9,2,0,1,12,6,8.37
701685,20251130,2057,49,1,0,0,12,6,10.01
701686,20251130,2058,125,2,0,0,12,6,9.63
701687,20251130,2059,50,5,0,4,12,6,13.23
701688,20251130,2060,2,2,0,3,12,6,9.66
701689,20251130,2061,1,1,0,0,12,6,14.15
701690,20251130,2062,102,7,0,0,12,6,15.75
701691,20251130,2063,34,9,0,5,12,6,17.18
701692,20251130,2064,617,17,3,0,12,6,16.68
701693,20251130,2065,0,0,0,0,6,3,11.88
701694,20251130,2066,26,4,0,3,6,3,13.8
701695,20251130,2067,203,2,2,3,6,3,15.84
701696,20251130,2068,11,2,0,0,6,3,14.23
701697,20251130,2069,2,2,0,0,6,3,14.03
701698,20251130,2070,6,6,0,0,6,3,14.8
701699,20251130,2071,59,0,1,3,6,3,14.31
701700,20251130,2072,2,2,0,2,6,3,13.77
701701,20251130,2073,0,0,0,0,6,3,14.35
701702,20251130,2074,109,2,1,0,6,3,18.82
701703,20251231,2001,0,0,0,0,12,6,10.27
701704,20251231,2002,5,5,0,12,12,6,9.82
701705,20251231,2003,12,12,0,0,12,6,12.92
701706,20251231,2004,456,31,3,0,12,6,11.41
701707,20251231,2005,3,3,0,0,6,3,13.78
701708,20251231,2006,1,1,0,0,6,3,11.5
701709,20251231,2007,350,14,5,0,6,3,12.35
701710,20251231,2008,13,2,0,0,6,3,15.13
701711,20251231,2009,1,1,0,0,6,3,12.39
701712,20251231,2010,227,13,1,0,6,3,12.27
701713,20251231,2011,4,4,0,0,6,3,13.19
701714,20251231,2012,39,1,0,2,6,3,10.6
701715,20251231,2013,0,0,0,0,6,3,11.17
701716,20251231,2014,3,3,0,1,6,3,15.2
701717,20251231,2015,8,8,0,6,12,6,11.85
701718,20251231,2016,849,3,5,0,12,6,12.06
701719,20251231,2017,3,3,0,0,8,4,18.36
701720,20251231,2018,8,8,0,4,8,4,17.83
701721,20251231,2019,67,13,0,6,8,4,19.5
701722,20251231,2020,1,1,0,0,6,3,15.11
701723,20251231,2021,108,8,1,0,6,3,16.65
701724,20251231,2022,163,7,0,0,6,3,15.69
701725,20251231,2023,19,8,0,0,6,3,19.7
701726,20251231,2024,29,7,0,2,6,3,15.91
701727,20251231,2025,1,1,0,0,12,6,9.36
701728,20251231,2026,4,4,0,0,12,6,9.72
701729,20251231,2027,161,10,0,3,12,6,11.96
701730,20251231,2028,404,6,3,0,12,6,11.57
701731,20251231,2029,3,3,0,0,12,6,9.38
701732,20251231,2030,76,3,0,36,12,6,9.92
701733,20251231,2031,287,7,2,2,12,6,12.49
701734,20251231,2032,0,0,0,0,12,6,9.92
701735,20251231,2033,0,0,0,0,12,6,10.71
701736,20251231,2034,401,7,4,0,12,6,10.76
701737,20251231,2035,132,9,2,3,12,6,11.05
701738,20251231,2036,20,8,0,2,12,6,8.66
701739,20251231,2037,1,1,0,0,12,6,10.39
701740,20251231,2038,5,5,0,0,12,6,10.52
701741,20251231,2039,4,4,0,4,12,6,11.87
701742,20251231,2040,659,20,6,0,12,6,12.01
701743,20251231,2041,0,0,0,0,12,6,9.86
701744,20251231,2042,0,0,0,0,12,6,10.99
701745,20251231,2043,9,9,0,1,12,6,11.49
701746,20251231,2044,0,0,0,0,12,6,8.62
701747,20251231,2045,2,2,0,0,12,6,10.82
701748,20251231,2046,191,7,0,0,12,6,10.72
701749,20251231,2047,3,3,0,1,12,6,12.16
701750,20251231,2048,0,0,0,3,12,6,10.48
701751,20251231,2049,0,0,0,0,12,6,9.29
701752,20251231,2050,65,13,0,0,12,6,10.0
701753,20251231,2051,12,12,0,14,12,6,11.95
701754,20251231,2052,627,6,7,0,12,6,11.97
701755,20251231,2053,4,4,0,0,12,6,9.96
701756,20251231,2054,28,12,0,48,12,6,9.42
701757,20251231,2055,5,5,0,1,12,6,11.59
701758,20251231,2056,0,0,0,1,12,6,8.31
701759,20251231,2057,78,4,0,0,12,6,10.06
701760,20251231,2058,311,6,5,0,12,6,10.88
701761,20251231,2059,4,4,0,4,12,6,12.7
701762,20251231,2060,5,5,0,3,12,6,9.78
701763,20251231,2061,1,1,0,0,12,6,14.15
701764,20251231,2062,54,8,1,0,12,6,15.76
701765,20251231,2063,9,9,0,5,12,6,17.44
701766,20251231,2064,558,25,4,0,12,6,16.68
701767,20251231,2065,0,0,0,0,6,3,11.88
701768,20251231,2066,2,2,0,3,6,3,12.37
701769,20251231,2067,146,13,1,3,6,3,15.83
701770,20251231,2068,8,3,0,0,6,3,14.23
701771,20251231,2069,2,2,0,0,6,3,14.03
701772,20251231,2070,228,16,0,0,6,3,13.51
701773,20251231,2071,53,4,1,3,6,3,14.3
701774,20251231,2072,2,2,0,3,6,3,13.77
701775,20251231,2073,0,0,0,0,6,3,14.35
701776,20251231,2074,55,4,1,48,6,3,18.81
